2025-11-05 20:37:15,703 [INFO] Connected with result code 0
2025-11-05 20:37:15,710 [INFO] Received status for  :21.6
2025-11-05 20:37:15,712 [INFO] Received status for hum:57.3
2025-11-05 20:37:17,744 [INFO] Connected with result code 0
2025-11-05 20:37:17,753 [INFO] Received status for  :21.6
2025-11-05 20:37:17,753 [INFO] Received status for hum:57.3
2025-11-05 20:37:19,793 [INFO] Connected with result code 0
2025-11-05 20:37:19,800 [INFO] Received status for  :21.6
2025-11-05 20:37:19,802 [INFO] Received status for hum:57.3
2025-11-05 20:37:21,832 [INFO] Connected with result code 0
2025-11-05 20:37:21,838 [INFO] Received status for  :21.6
2025-11-05 20:37:21,839 [INFO] Received status for hum:57.3
2025-11-05 20:37:23,868 [INFO] Connected with result code 0
2025-11-05 20:37:23,875 [INFO] Received status for  :21.6
2025-11-05 20:37:23,875 [INFO] Received status for hum:57.3
2025-11-05 20:37:25,899 [INFO] Connected with result code 0
2025-11-05 20:37:25,904 [INFO] Received status for  :21.6
2025-11-05 20:37:25,904 [INFO] Received status for hum:57.3
2025-11-05 20:37:27,983 [INFO] Connected with result code 0
2025-11-05 20:37:27,990 [INFO] Received status for  :21.6
2025-11-05 20:37:27,990 [INFO] Received status for hum:57.3
2025-11-05 20:37:30,021 [INFO] Connected with result code 0
2025-11-05 20:37:30,034 [INFO] Received status for  :21.6
2025-11-05 20:37:30,034 [INFO] Received status for hum:57.3
2025-11-05 20:37:32,058 [INFO] Connected with result code 0
2025-11-05 20:37:32,064 [INFO] Received status for  :21.6
2025-11-05 20:37:32,065 [INFO] Received status for hum:57.3
2025-11-05 20:37:34,107 [INFO] Connected with result code 0
2025-11-05 20:37:34,117 [INFO] Received status for  :21.6
2025-11-05 20:37:34,117 [INFO] Received status for hum:57.3
2025-11-05 20:37:36,138 [INFO] Connected with result code 0
2025-11-05 20:37:36,144 [INFO] Received status for  :21.6
2025-11-05 20:37:36,144 [INFO] Received status for hum:57.3
2025-11-05 20:37:38,174 [INFO] Connected with result code 0
2025-11-05 20:37:38,182 [INFO] Received status for  :21.6
2025-11-05 20:37:38,184 [INFO] Received status for hum:57.3
2025-11-05 20:37:40,223 [INFO] Connected with result code 0
2025-11-05 20:37:40,231 [INFO] Received status for  :21.6
2025-11-05 20:37:40,231 [INFO] Received status for hum:57.3
2025-11-05 20:37:42,253 [INFO] Connected with result code 0
2025-11-05 20:37:42,262 [INFO] Received status for  :21.6
2025-11-05 20:37:42,262 [INFO] Received status for hum:57.3
2025-11-05 20:37:44,289 [INFO] Connected with result code 0
2025-11-05 20:37:44,297 [INFO] Received status for  :21.6
2025-11-05 20:37:44,298 [INFO] Received status for hum:57.3
2025-11-05 20:37:46,322 [INFO] Connected with result code 0
2025-11-05 20:37:46,337 [INFO] Received status for  :21.6
2025-11-05 20:37:46,337 [INFO] Received status for hum:57.3
2025-11-05 20:37:48,356 [INFO] Connected with result code 0
2025-11-05 20:37:48,365 [INFO] Received status for  :21.6
2025-11-05 20:37:48,366 [INFO] Received status for hum:57.3
2025-11-05 20:37:50,410 [INFO] Connected with result code 0
2025-11-05 20:37:50,417 [INFO] Received status for  :21.6
2025-11-05 20:37:50,419 [INFO] Received status for hum:57.3
2025-11-05 20:37:52,458 [INFO] Connected with result code 0
2025-11-05 20:37:52,464 [INFO] Received status for  :21.6
2025-11-05 20:37:52,465 [INFO] Received status for hum:57.3
2025-11-05 20:37:54,518 [INFO] Connected with result code 0
2025-11-05 20:37:54,533 [INFO] Received status for  :21.6
2025-11-05 20:37:54,534 [INFO] Received status for hum:57.3
2025-11-05 20:37:56,563 [INFO] Connected with result code 0
2025-11-05 20:37:56,575 [INFO] Received status for  :21.6
2025-11-05 20:37:56,575 [INFO] Received status for hum:57.3
2025-11-05 20:37:58,625 [INFO] Connected with result code 0
2025-11-05 20:37:58,645 [INFO] Received status for  :21.6
2025-11-05 20:37:58,645 [INFO] Received status for hum:57.3
2025-11-05 20:38:00,674 [INFO] Connected with result code 0
2025-11-05 20:38:00,680 [INFO] Received status for  :21.6
2025-11-05 20:38:00,682 [INFO] Received status for hum:57.3
2025-11-05 20:38:02,722 [INFO] Connected with result code 0
2025-11-05 20:38:02,731 [INFO] Received status for  :21.6
2025-11-05 20:38:02,731 [INFO] Received status for hum:57.3
2025-11-05 20:38:04,759 [INFO] Connected with result code 0
2025-11-05 20:38:04,765 [INFO] Received status for  :21.6
2025-11-05 20:38:04,765 [INFO] Received status for hum:57.3
2025-11-05 20:38:06,811 [INFO] Connected with result code 0
2025-11-05 20:38:06,823 [INFO] Received status for  :21.6
2025-11-05 20:38:06,823 [INFO] Received status for hum:57.3
2025-11-05 20:38:08,853 [INFO] Connected with result code 0
2025-11-05 20:38:08,863 [INFO] Received status for  :21.6
2025-11-05 20:38:08,863 [INFO] Received status for hum:57.3
2025-11-05 20:38:10,910 [INFO] Connected with result code 0
2025-11-05 20:38:10,924 [INFO] Received status for  :21.6
2025-11-05 20:38:10,926 [INFO] Received status for hum:57.3
2025-11-05 20:38:12,970 [INFO] Connected with result code 0
2025-11-05 20:38:15,023 [INFO] Connected with result code 0
2025-11-05 20:38:17,053 [INFO] Connected with result code 0
2025-11-05 20:38:19,114 [INFO] Connected with result code 0
2025-11-05 20:38:21,162 [INFO] Connected with result code 0
2025-11-05 20:38:23,196 [INFO] Connected with result code 0
2025-11-05 20:38:25,244 [INFO] Connected with result code 0
2025-11-05 20:38:27,283 [INFO] Connected with result code 0
2025-11-05 20:38:29,332 [INFO] Connected with result code 0
2025-11-05 20:38:31,391 [INFO] Connected with result code 0
2025-11-05 20:38:33,448 [INFO] Connected with result code 0
2025-11-05 20:38:35,471 [INFO] Connected with result code 0
2025-11-05 20:38:37,498 [INFO] Connected with result code 0
2025-11-05 20:38:39,558 [INFO] Connected with result code 0
2025-11-05 20:38:41,612 [INFO] Connected with result code 0
2025-11-05 20:38:43,659 [INFO] Connected with result code 0
2025-11-05 20:38:45,706 [INFO] Connected with result code 0
2025-11-05 20:38:47,738 [INFO] Connected with result code 0
2025-11-05 20:38:49,760 [INFO] Connected with result code 0
2025-11-05 20:38:51,795 [INFO] Connected with result code 0
2025-11-05 20:38:53,844 [INFO] Connected with result code 0
2025-11-05 20:38:55,873 [INFO] Connected with result code 0
2025-11-05 20:38:57,900 [INFO] Connected with result code 0
2025-11-05 20:38:59,960 [INFO] Connected with result code 0
2025-11-05 20:38:59,986 [INFO] Received status for heater:on
2025-11-05 20:39:02,017 [INFO] Connected with result code 0
2025-11-05 20:39:04,065 [INFO] Connected with result code 0
2025-11-05 20:39:06,121 [INFO] Connected with result code 0
2025-11-05 20:39:08,175 [INFO] Connected with result code 0
2025-11-05 20:39:10,231 [INFO] Connected with result code 0
2025-11-05 20:39:12,270 [INFO] Connected with result code 0
2025-11-05 20:39:14,319 [INFO] Connected with result code 0
2025-11-05 20:39:16,363 [INFO] Connected with result code 0
2025-11-05 20:39:18,400 [INFO] Connected with result code 0
2025-11-05 20:39:19,394 [INFO] Received status for exhaustfan:on
2025-11-05 20:39:20,450 [INFO] Connected with result code 0
2025-11-05 20:39:22,508 [INFO] Connected with result code 0
2025-11-05 20:39:24,565 [INFO] Connected with result code 0
2025-11-05 20:39:26,603 [INFO] Connected with result code 0
2025-11-05 20:39:27,563 [INFO] Received status for exhaustfan:on
2025-11-05 20:39:28,646 [INFO] Connected with result code 0
2025-11-05 20:39:30,693 [INFO] Connected with result code 0
2025-11-05 20:39:31,251 [INFO] Received status for growlight:off
2025-11-05 20:39:32,751 [INFO] Connected with result code 0
2025-11-05 20:39:34,807 [INFO] Connected with result code 0
2025-11-05 20:39:36,848 [INFO] Connected with result code 0
2025-11-05 20:39:38,888 [INFO] Connected with result code 0
2025-11-05 20:39:40,948 [INFO] Connected with result code 0
2025-11-05 20:39:43,011 [INFO] Connected with result code 0
2025-11-05 20:39:45,089 [INFO] Connected with result code 0
2025-11-05 20:39:47,121 [INFO] Connected with result code 0
2025-11-05 20:39:49,172 [INFO] Connected with result code 0
2025-11-05 20:39:51,228 [INFO] Connected with result code 0
2025-11-05 20:39:53,285 [INFO] Connected with result code 0
2025-11-05 20:39:55,342 [INFO] Connected with result code 0
2025-11-05 20:39:57,393 [INFO] Connected with result code 0
2025-11-05 20:39:59,446 [INFO] Connected with result code 0
2025-11-05 20:40:01,497 [INFO] Connected with result code 0
2025-11-05 20:40:03,558 [INFO] Connected with result code 0
2025-11-05 20:40:05,585 [INFO] Connected with result code 0
2025-11-05 20:40:07,624 [INFO] Connected with result code 0
2025-11-05 20:40:09,659 [INFO] Connected with result code 0
2025-11-05 20:40:11,688 [INFO] Connected with result code 0
2025-11-05 20:40:13,732 [INFO] Connected with result code 0
2025-11-05 20:40:15,756 [INFO] Connected with result code 0
2025-11-05 20:40:17,816 [INFO] Connected with result code 0
2025-11-05 20:40:19,848 [INFO] Connected with result code 0
2025-11-05 20:40:21,881 [INFO] Connected with result code 0
2025-11-05 20:40:23,903 [INFO] Connected with result code 0
2025-11-05 20:40:25,934 [INFO] Connected with result code 0
2025-11-05 20:40:27,976 [INFO] Connected with result code 0
2025-11-05 20:40:30,005 [INFO] Connected with result code 0
2025-11-05 20:40:32,055 [INFO] Connected with result code 0
2025-11-05 20:40:34,112 [INFO] Connected with result code 0
2025-11-05 20:40:36,166 [INFO] Connected with result code 0
2025-11-05 20:40:38,204 [INFO] Connected with result code 0
2025-11-05 20:40:40,230 [INFO] Connected with result code 0
2025-11-05 20:40:42,289 [INFO] Connected with result code 0
2025-11-05 20:40:44,309 [INFO] Connected with result code 0
2025-11-05 20:40:46,369 [INFO] Connected with result code 0
2025-11-05 20:40:48,416 [INFO] Connected with result code 0
2025-11-05 20:40:50,458 [INFO] Connected with result code 0
2025-11-05 20:40:52,489 [INFO] Connected with result code 0
2025-11-05 20:40:54,537 [INFO] Connected with result code 0
2025-11-05 20:40:56,579 [INFO] Connected with result code 0
2025-11-05 20:40:58,607 [INFO] Connected with result code 0
2025-11-05 20:41:00,669 [INFO] Connected with result code 0
2025-11-05 20:41:02,722 [INFO] Connected with result code 0
2025-11-05 20:41:04,771 [INFO] Connected with result code 0
2025-11-05 20:41:06,811 [INFO] Connected with result code 0
2025-11-05 20:41:08,849 [INFO] Connected with result code 0
2025-11-05 20:41:10,888 [INFO] Connected with result code 0
2025-11-05 20:41:12,925 [INFO] Connected with result code 0
2025-11-05 20:41:14,978 [INFO] Connected with result code 0
2025-11-05 20:41:17,007 [INFO] Connected with result code 0
2025-11-05 20:41:19,055 [INFO] Connected with result code 0
2025-11-05 20:41:21,088 [INFO] Connected with result code 0
2025-11-05 20:41:23,147 [INFO] Connected with result code 0
2025-11-05 20:41:25,199 [INFO] Connected with result code 0
2025-11-05 20:41:27,238 [INFO] Connected with result code 0
2025-11-05 20:41:29,271 [INFO] Connected with result code 0
2025-11-05 20:41:31,312 [INFO] Connected with result code 0
2025-11-05 20:41:33,357 [INFO] Connected with result code 0
2025-11-05 20:41:35,387 [INFO] Connected with result code 0
2025-11-05 20:41:37,415 [INFO] Connected with result code 0
2025-11-05 20:41:39,457 [INFO] Connected with result code 0
2025-11-05 20:41:41,493 [INFO] Connected with result code 0
2025-11-05 20:41:43,548 [INFO] Connected with result code 0
2025-11-05 20:41:45,626 [INFO] Connected with result code 0
2025-11-05 20:41:47,664 [INFO] Connected with result code 0
2025-11-05 20:41:49,700 [INFO] Connected with result code 0
2025-11-05 20:41:51,729 [INFO] Connected with result code 0
2025-11-05 20:41:53,762 [INFO] Connected with result code 0
2025-11-05 20:41:54,768 [INFO] MQTT stopped
2025-11-05 20:41:56,213 [INFO] Connected with result code 0
2025-11-05 20:41:58,266 [INFO] Connected with result code 0
2025-11-05 20:42:00,299 [INFO] Connected with result code 0
2025-11-05 20:42:02,346 [INFO] Connected with result code 0
2025-11-05 20:42:03,353 [INFO] MQTT stopped
2025-11-05 20:42:04,320 [INFO] Connected with result code 0
2025-11-05 20:42:05,835 [INFO] Connected with result code 0
2025-11-05 20:42:07,878 [INFO] Connected with result code 0
2025-11-05 20:42:09,907 [INFO] Connected with result code 0
2025-11-05 20:42:11,933 [INFO] Connected with result code 0
2025-11-05 20:42:13,965 [INFO] Connected with result code 0
2025-11-05 20:42:16,024 [INFO] Connected with result code 0
2025-11-05 20:42:18,085 [INFO] Connected with result code 0
2025-11-05 20:42:20,122 [INFO] Connected with result code 0
2025-11-05 20:42:22,163 [INFO] Connected with result code 0
2025-11-05 20:42:24,194 [INFO] Connected with result code 0
2025-11-05 20:42:26,236 [INFO] Connected with result code 0
2025-11-05 20:42:28,266 [INFO] Connected with result code 0
2025-11-05 20:42:30,289 [INFO] Connected with result code 0
2025-11-05 20:42:32,333 [INFO] Connected with result code 0
2025-11-05 20:42:34,384 [INFO] Connected with result code 0
2025-11-05 20:42:36,442 [INFO] Connected with result code 0
2025-11-05 20:42:38,495 [INFO] Connected with result code 0
2025-11-05 20:42:40,527 [INFO] Connected with result code 0
2025-11-05 20:42:42,551 [INFO] Connected with result code 0
2025-11-05 20:42:44,570 [INFO] MQTT stopped
2025-11-05 20:42:45,722 [INFO] Connected with result code 0
2025-11-05 20:42:47,770 [INFO] Connected with result code 0
2025-11-05 20:42:49,800 [INFO] Connected with result code 0
2025-11-05 20:42:51,838 [INFO] Connected with result code 0
2025-11-05 20:42:53,879 [INFO] Connected with result code 0
2025-11-05 20:42:55,891 [INFO] MQTT stopped
2025-11-05 20:42:56,888 [INFO] Connected with result code 0
2025-11-05 20:42:58,443 [INFO] Connected with result code 0
2025-11-05 20:42:59,448 [INFO] MQTT stopped
2025-11-05 20:43:00,426 [INFO] Connected with result code 0
2025-11-05 20:43:02,083 [INFO] Connected with result code 0
2025-11-05 20:43:04,098 [INFO] MQTT stopped
2025-11-05 20:43:05,041 [INFO] Connected with result code 0
2025-11-05 20:43:06,587 [INFO] Connected with result code 0
2025-11-05 20:43:08,626 [INFO] Connected with result code 0
2025-11-05 20:43:10,643 [INFO] MQTT stopped
2025-11-05 20:43:11,654 [INFO] Connected with result code 0
2025-11-05 20:43:13,709 [INFO] Connected with result code 0
2025-11-05 20:43:15,742 [INFO] Connected with result code 0
2025-11-05 20:43:17,806 [INFO] Connected with result code 0
2025-11-05 20:43:18,812 [INFO] MQTT stopped
2025-11-05 20:43:19,840 [INFO] Connected with result code 0
2025-11-05 20:43:21,270 [INFO] Connected with result code 0
2025-11-05 20:43:23,306 [INFO] Connected with result code 0
2025-11-05 20:43:25,364 [INFO] Connected with result code 0
2025-11-05 20:43:27,419 [INFO] Connected with result code 0
2025-11-05 20:43:29,480 [INFO] Connected with result code 0
2025-11-05 20:43:31,557 [INFO] Connected with result code 0
2025-11-05 20:43:33,617 [INFO] Connected with result code 0
2025-11-05 20:43:35,640 [INFO] Connected with result code 0
2025-11-05 20:43:37,684 [INFO] Connected with result code 0
2025-11-05 20:43:39,742 [INFO] Connected with result code 0
2025-11-05 20:43:41,802 [INFO] Connected with result code 0
2025-11-05 20:43:43,845 [INFO] Connected with result code 0
2025-11-05 20:43:45,879 [INFO] Connected with result code 0
2025-11-05 20:43:47,914 [INFO] Connected with result code 0
2025-11-05 20:43:49,962 [INFO] Connected with result code 0
2025-11-05 20:43:52,021 [INFO] Connected with result code 0
2025-11-05 20:43:54,052 [INFO] Connected with result code 0
2025-11-05 20:43:56,102 [INFO] Connected with result code 0
2025-11-05 20:43:58,155 [INFO] Connected with result code 0
2025-11-05 20:44:00,190 [INFO] Connected with result code 0
2025-11-05 20:44:02,237 [INFO] Connected with result code 0
2025-11-05 20:44:04,277 [INFO] Connected with result code 0
2025-11-05 20:44:06,332 [INFO] Connected with result code 0
2025-11-05 20:44:08,369 [INFO] Connected with result code 0
2025-11-05 20:44:10,397 [INFO] Connected with result code 0
2025-11-05 20:44:12,429 [INFO] Connected with result code 0
2025-11-05 20:44:14,474 [INFO] Connected with result code 0
2025-11-05 20:44:16,537 [INFO] Connected with result code 0
2025-11-05 20:44:18,572 [INFO] Connected with result code 0
2025-11-05 20:44:20,619 [INFO] Connected with result code 0
2025-11-05 20:44:21,626 [INFO] MQTT stopped
2025-11-05 20:44:22,798 [INFO] Connected with result code 0
2025-11-05 20:44:23,804 [INFO] MQTT stopped
2025-11-05 20:44:24,771 [INFO] Connected with result code 0
2025-11-05 20:44:26,307 [INFO] Connected with result code 0
2025-11-05 20:44:28,336 [INFO] Connected with result code 0
2025-11-05 20:44:30,376 [INFO] Connected with result code 0
2025-11-05 20:44:32,409 [INFO] Connected with result code 0
2025-11-05 20:44:34,429 [INFO] MQTT stopped
2025-11-05 20:44:35,678 [INFO] Connected with result code 0
2025-11-05 20:44:37,684 [INFO] MQTT stopped
2025-11-05 20:44:38,932 [INFO] Connected with result code 0
2025-11-05 20:44:40,506 [INFO] Connected with result code 0
2025-11-05 20:44:42,057 [INFO] Connected with result code 0
2025-11-05 20:44:44,112 [INFO] Connected with result code 0
2025-11-05 20:44:46,146 [INFO] Connected with result code 0
2025-11-05 20:44:48,180 [INFO] Connected with result code 0
2025-11-05 20:44:50,210 [INFO] Connected with result code 0
2025-11-05 20:44:51,216 [INFO] MQTT stopped
2025-11-05 20:44:52,181 [INFO] Connected with result code 0
2025-11-05 20:44:53,673 [INFO] Connected with result code 0
2025-11-05 20:44:55,716 [INFO] Connected with result code 0
2025-11-05 20:44:57,777 [INFO] Connected with result code 0
2025-11-05 20:44:59,827 [INFO] Connected with result code 0
2025-11-05 20:45:01,856 [INFO] Connected with result code 0
2025-11-05 20:45:03,890 [INFO] Connected with result code 0
2025-11-05 20:45:05,948 [INFO] Connected with result code 0
2025-11-05 20:45:07,987 [INFO] Connected with result code 0
2025-11-05 20:45:10,001 [INFO] MQTT stopped
2025-11-05 20:45:10,968 [INFO] Connected with result code 0
2025-11-05 20:45:12,493 [INFO] Connected with result code 0
2025-11-05 20:45:14,550 [INFO] Connected with result code 0
2025-11-05 20:45:16,602 [INFO] Connected with result code 0
2025-11-05 20:45:18,627 [INFO] Connected with result code 0
2025-11-05 20:45:20,655 [INFO] Connected with result code 0
2025-11-05 20:45:22,789 [INFO] Connected with result code 0
2025-11-05 20:45:24,820 [INFO] Connected with result code 0
2025-11-05 20:45:25,823 [INFO] MQTT stopped
2025-11-05 20:45:26,809 [INFO] Connected with result code 0
2025-11-05 20:45:28,380 [INFO] Connected with result code 0
2025-11-05 20:45:30,389 [INFO] MQTT stopped
2025-11-05 20:45:31,358 [INFO] Connected with result code 0
2025-11-05 20:45:32,954 [INFO] Connected with result code 0
2025-11-05 20:45:35,169 [INFO] Connected with result code 0
2025-11-05 20:45:37,194 [INFO] Connected with result code 0
2025-11-05 20:45:39,252 [INFO] Connected with result code 0
2025-11-05 20:45:41,284 [INFO] Connected with result code 0
2025-11-05 20:45:43,336 [INFO] Connected with result code 0
2025-11-05 20:45:45,392 [INFO] Connected with result code 0
2025-11-05 20:45:47,436 [INFO] Connected with result code 0
2025-11-05 20:45:49,488 [INFO] Connected with result code 0
2025-11-05 20:45:51,534 [INFO] Connected with result code 0
2025-11-05 20:45:53,596 [INFO] Connected with result code 0
2025-11-05 20:45:55,637 [INFO] Connected with result code 0
2025-11-05 20:45:57,670 [INFO] Connected with result code 0
2025-11-05 20:45:59,716 [INFO] Connected with result code 0
2025-11-05 20:46:01,770 [INFO] MQTT stopped
2025-11-05 20:46:03,467 [INFO] Connected with result code 0
2025-11-05 20:46:05,444 [INFO] Connected with result code 0
2025-11-05 20:46:07,500 [INFO] Connected with result code 0
2025-11-05 20:46:09,543 [INFO] Connected with result code 0
2025-11-05 20:46:11,569 [INFO] Connected with result code 0
2025-11-05 20:46:13,622 [INFO] Connected with result code 0
2025-11-05 20:46:15,681 [INFO] Connected with result code 0
2025-11-05 20:46:17,750 [INFO] Connected with result code 0
2025-11-05 20:46:19,802 [INFO] Connected with result code 0
2025-11-05 20:46:21,843 [INFO] Connected with result code 0
2025-11-05 20:46:23,896 [INFO] Connected with result code 0
2025-11-05 20:46:25,944 [INFO] Connected with result code 0
2025-11-05 20:46:27,994 [INFO] Connected with result code 0
2025-11-05 20:46:30,029 [INFO] Connected with result code 0
2025-11-05 20:46:32,070 [INFO] Connected with result code 0
2025-11-05 20:46:34,095 [INFO] Connected with result code 0
2025-11-05 20:46:36,143 [INFO] Connected with result code 0
2025-11-05 20:46:38,202 [INFO] Connected with result code 0
2025-11-05 20:46:40,236 [INFO] Connected with result code 0
2025-11-05 20:46:42,286 [INFO] Connected with result code 0
2025-11-05 20:46:43,292 [INFO] MQTT stopped
2025-11-05 20:46:44,252 [INFO] Connected with result code 0
2025-11-05 20:46:45,765 [INFO] Connected with result code 0
2025-11-05 20:46:47,802 [INFO] Connected with result code 0
2025-11-05 20:46:49,853 [INFO] Connected with result code 0
2025-11-05 20:46:51,911 [INFO] Connected with result code 0
2025-11-05 20:46:53,973 [INFO] Connected with result code 0
2025-11-05 20:46:56,014 [INFO] Connected with result code 0
2025-11-05 20:46:58,072 [INFO] Connected with result code 0
2025-11-05 20:47:00,128 [INFO] Connected with result code 0
2025-11-05 20:47:02,174 [INFO] Connected with result code 0
2025-11-05 20:47:04,221 [INFO] Connected with result code 0
2025-11-05 20:47:06,277 [INFO] Connected with result code 0
2025-11-05 20:47:08,340 [INFO] Connected with result code 0
2025-11-05 20:47:10,364 [INFO] Connected with result code 0
2025-11-05 20:47:12,420 [INFO] Connected with result code 0
2025-11-05 20:47:14,455 [INFO] Connected with result code 0
2025-11-05 20:47:16,493 [INFO] Connected with result code 0
2025-11-05 20:47:18,539 [INFO] Connected with result code 0
2025-11-05 20:47:20,608 [INFO] Connected with result code 0
2025-11-05 20:47:22,665 [INFO] Connected with result code 0
2025-11-05 20:47:24,735 [INFO] Connected with result code 0
2025-11-05 20:47:26,773 [INFO] Connected with result code 0
2025-11-05 20:47:28,824 [INFO] Connected with result code 0
2025-11-05 20:47:30,904 [INFO] Connected with result code 0
2025-11-05 20:47:33,008 [INFO] Connected with result code 0
2025-11-05 20:47:35,057 [INFO] Connected with result code 0
2025-11-05 20:47:37,094 [INFO] Connected with result code 0
2025-11-05 20:47:39,145 [INFO] Connected with result code 0
2025-11-05 20:47:41,176 [INFO] Connected with result code 0
2025-11-05 20:47:43,189 [INFO] MQTT stopped
2025-11-05 20:47:44,204 [INFO] Connected with result code 0
2025-11-05 20:47:46,242 [INFO] Connected with result code 0
2025-11-05 20:47:47,246 [INFO] MQTT stopped
2025-11-05 20:47:48,183 [INFO] Connected with result code 0
2025-11-05 20:47:49,706 [INFO] Connected with result code 0
2025-11-05 20:47:51,736 [INFO] Connected with result code 0
2025-11-05 20:47:53,760 [INFO] Connected with result code 0
2025-11-05 20:47:55,836 [INFO] Connected with result code 0
2025-11-05 20:47:57,875 [INFO] Connected with result code 0
2025-11-05 20:47:59,904 [INFO] Connected with result code 0
2025-11-05 20:48:01,956 [INFO] Connected with result code 0
2025-11-05 20:48:02,962 [INFO] MQTT stopped
2025-11-05 20:48:03,935 [INFO] Connected with result code 0
2025-11-05 20:48:05,393 [INFO] Connected with result code 0
2025-11-05 20:48:07,437 [INFO] Connected with result code 0
2025-11-05 20:48:09,469 [INFO] Connected with result code 0
2025-11-05 20:48:11,494 [INFO] Connected with result code 0
2025-11-05 20:48:13,550 [INFO] Connected with result code 0
2025-11-05 20:48:14,554 [INFO] MQTT stopped
2025-11-05 20:48:15,581 [INFO] Connected with result code 0
2025-11-05 20:48:17,044 [INFO] Connected with result code 0
2025-11-05 20:48:19,080 [INFO] Connected with result code 0
2025-11-05 20:48:21,095 [INFO] MQTT stopped
2025-11-05 20:48:22,092 [INFO] Connected with result code 0
2025-11-05 20:48:24,131 [INFO] Connected with result code 0
2025-11-05 20:48:26,184 [INFO] Connected with result code 0
2025-11-05 20:48:28,230 [INFO] Connected with result code 0
2025-11-05 20:48:30,287 [INFO] Connected with result code 0
2025-11-05 20:48:32,327 [INFO] Connected with result code 0
2025-11-05 20:48:34,380 [INFO] Connected with result code 0
2025-11-05 20:48:36,432 [INFO] Connected with result code 0
2025-11-05 20:48:38,468 [INFO] Connected with result code 0
2025-11-05 20:48:40,504 [INFO] Connected with result code 0
2025-11-05 20:48:42,549 [INFO] Connected with result code 0
2025-11-05 20:48:44,616 [INFO] Connected with result code 0
2025-11-05 20:48:46,652 [INFO] Connected with result code 0
2025-11-05 20:48:48,702 [INFO] Connected with result code 0
2025-11-05 20:48:50,751 [INFO] Connected with result code 0
2025-11-05 20:48:52,809 [INFO] Connected with result code 0
2025-11-05 20:48:54,867 [INFO] Connected with result code 0
2025-11-05 20:48:56,908 [INFO] Connected with result code 0
2025-11-05 20:48:57,913 [INFO] MQTT stopped
2025-11-05 20:48:58,860 [INFO] Connected with result code 0
2025-11-05 20:49:00,362 [INFO] Connected with result code 0
2025-11-05 20:49:02,406 [INFO] Connected with result code 0
2025-11-05 20:49:04,463 [INFO] Connected with result code 0
2025-11-05 20:49:05,467 [INFO] MQTT stopped
2025-11-05 20:49:06,540 [INFO] Connected with result code 0
2025-11-05 20:49:08,036 [INFO] Connected with result code 0
2025-11-05 20:49:10,067 [INFO] Connected with result code 0
2025-11-05 20:49:12,121 [INFO] Connected with result code 0
2025-11-05 20:49:14,168 [INFO] Connected with result code 0
2025-11-05 20:49:16,200 [INFO] Connected with result code 0
2025-11-05 20:49:17,098 [INFO] Received status for exhaustfan:on
2025-11-05 20:49:18,268 [INFO] Connected with result code 0
2025-11-05 20:49:20,290 [INFO] Connected with result code 0
2025-11-05 20:49:22,318 [INFO] Connected with result code 0
2025-11-05 20:49:23,272 [INFO] Received status for growlight:off
2025-11-05 20:49:24,380 [INFO] Connected with result code 0
2025-11-05 20:49:24,944 [INFO] Received status for growlight:off
2025-11-05 20:49:26,428 [INFO] Connected with result code 0
2025-11-05 20:49:26,891 [INFO] Received status for growlight:off
2025-11-05 20:49:28,473 [INFO] Connected with result code 0
2025-11-05 20:49:30,533 [INFO] Connected with result code 0
2025-11-05 20:49:32,592 [INFO] Connected with result code 0
2025-11-05 20:49:32,775 [INFO] Received status for growlight:off
2025-11-05 20:49:34,649 [INFO] Connected with result code 0
2025-11-05 20:49:34,824 [INFO] Received status for growlight:off
2025-11-05 20:49:36,687 [INFO] Connected with result code 0
2025-11-05 20:49:38,751 [INFO] Connected with result code 0
2025-11-05 20:49:40,786 [INFO] Connected with result code 0
2025-11-05 20:49:42,842 [INFO] Connected with result code 0
2025-11-05 20:49:44,901 [INFO] Connected with result code 0
2025-11-05 20:49:46,960 [INFO] Connected with result code 0
2025-11-05 20:49:49,013 [INFO] Connected with result code 0
2025-11-05 20:49:51,073 [INFO] Connected with result code 0
2025-11-05 20:49:53,131 [INFO] Connected with result code 0
2025-11-05 20:49:55,186 [INFO] Connected with result code 0
2025-11-05 20:49:57,244 [INFO] Connected with result code 0
2025-11-05 20:49:59,290 [INFO] Connected with result code 0
2025-11-05 20:50:01,341 [INFO] Connected with result code 0
2025-11-05 20:50:03,363 [INFO] Connected with result code 0
2025-11-05 20:50:05,426 [INFO] Connected with result code 0
2025-11-05 20:50:07,474 [INFO] Connected with result code 0
2025-11-05 20:50:09,500 [INFO] Connected with result code 0
2025-11-05 20:50:11,551 [INFO] Connected with result code 0
2025-11-05 20:50:13,592 [INFO] Connected with result code 0
2025-11-05 20:50:15,608 [INFO] MQTT stopped
2025-11-05 20:50:20,052 [INFO] Connected with result code 0
2025-11-05 20:50:22,080 [INFO] Connected with result code 0
2025-11-05 20:50:24,116 [INFO] Connected with result code 0
2025-11-05 20:50:26,173 [INFO] Connected with result code 0
2025-11-05 20:50:28,205 [INFO] Connected with result code 0
2025-11-05 20:50:30,261 [INFO] Connected with result code 0
2025-11-05 20:50:32,329 [INFO] Connected with result code 0
2025-11-05 20:50:34,361 [INFO] Connected with result code 0
2025-11-05 20:50:36,382 [INFO] Connected with result code 0
2025-11-05 20:50:38,424 [INFO] Connected with result code 0
2025-11-05 20:50:40,460 [INFO] Connected with result code 0
2025-11-05 20:50:42,499 [INFO] Connected with result code 0
2025-11-05 20:50:43,505 [INFO] MQTT stopped
2025-11-05 20:50:45,250 [INFO] Connected with result code 0
2025-11-05 20:50:47,300 [INFO] Connected with result code 0
2025-11-05 20:50:49,342 [INFO] Connected with result code 0
2025-11-05 20:50:51,394 [INFO] Connected with result code 0
2025-11-05 20:50:53,429 [INFO] Connected with result code 0
2025-11-05 20:50:55,489 [INFO] Connected with result code 0
2025-11-05 20:50:57,527 [INFO] Connected with result code 0
2025-11-05 20:50:59,553 [INFO] Connected with result code 0
2025-11-05 20:51:01,600 [INFO] Connected with result code 0
2025-11-05 20:51:03,641 [INFO] Connected with result code 0
2025-11-05 20:51:05,695 [INFO] Connected with result code 0
2025-11-05 20:51:06,701 [INFO] MQTT stopped
2025-11-05 20:51:07,895 [INFO] Connected with result code 0
2025-11-05 20:51:09,922 [INFO] Connected with result code 0
2025-11-05 20:51:11,948 [INFO] Connected with result code 0
2025-11-05 20:51:13,992 [INFO] Connected with result code 0
2025-11-05 20:51:16,024 [INFO] Connected with result code 0
2025-11-05 20:51:18,058 [INFO] Connected with result code 0
2025-11-05 20:51:20,106 [INFO] Connected with result code 0
2025-11-05 20:51:22,133 [INFO] Connected with result code 0
2025-11-05 20:51:24,156 [INFO] Connected with result code 0
2025-11-05 20:51:26,196 [INFO] Connected with result code 0
2025-11-05 20:51:28,253 [INFO] Connected with result code 0
2025-11-05 20:51:30,261 [INFO] MQTT stopped
2025-11-05 20:51:31,410 [INFO] Connected with result code 0
2025-11-05 20:51:33,445 [INFO] Connected with result code 0
2025-11-05 20:51:35,451 [INFO] MQTT stopped
2025-11-05 20:51:36,511 [INFO] Connected with result code 0
2025-11-05 20:51:38,056 [INFO] Connected with result code 0
2025-11-05 20:51:40,095 [INFO] Connected with result code 0
2025-11-05 20:51:42,143 [INFO] Connected with result code 0
2025-11-05 20:51:44,199 [INFO] Connected with result code 0
2025-11-05 20:51:46,250 [INFO] Connected with result code 0
2025-11-05 20:51:48,294 [INFO] Connected with result code 0
2025-11-05 20:51:49,297 [INFO] MQTT stopped
2025-11-05 20:51:50,395 [INFO] Connected with result code 0
2025-11-05 20:51:51,927 [INFO] Connected with result code 0
2025-11-05 20:51:53,957 [INFO] Connected with result code 0
2025-11-05 20:51:55,987 [INFO] Connected with result code 0
2025-11-05 20:51:58,014 [INFO] Connected with result code 0
2025-11-05 20:52:00,060 [INFO] Connected with result code 0
2025-11-05 20:52:02,092 [INFO] Connected with result code 0
2025-11-05 20:52:04,149 [INFO] Connected with result code 0
2025-11-05 20:52:06,222 [INFO] Connected with result code 0
2025-11-05 20:52:08,258 [INFO] Connected with result code 0
2025-11-05 20:52:10,295 [INFO] Connected with result code 0
2025-11-05 20:52:12,340 [INFO] Connected with result code 0
2025-11-05 20:52:14,390 [INFO] Connected with result code 0
2025-11-05 20:52:16,423 [INFO] Connected with result code 0
2025-11-05 20:52:18,469 [INFO] Connected with result code 0
2025-11-05 20:52:20,530 [INFO] Connected with result code 0
2025-11-05 20:52:22,554 [INFO] Connected with result code 0
2025-11-05 20:52:24,612 [INFO] Connected with result code 0
2025-11-05 20:52:26,670 [INFO] Connected with result code 0
2025-11-05 20:52:28,712 [INFO] Connected with result code 0
2025-11-05 20:52:30,736 [INFO] Connected with result code 0
2025-11-05 20:52:32,788 [INFO] Connected with result code 0
2025-11-05 20:52:34,834 [INFO] Connected with result code 0
2025-11-05 20:52:36,873 [INFO] Connected with result code 0
2025-11-05 20:52:38,896 [INFO] Connected with result code 0
2025-11-05 20:52:40,947 [INFO] Connected with result code 0
2025-11-05 20:52:43,000 [INFO] Connected with result code 0
2025-11-05 20:52:45,019 [INFO] Connected with result code 0
2025-11-05 20:52:47,051 [INFO] Connected with result code 0
2025-11-05 20:52:49,086 [INFO] Connected with result code 0
2025-11-05 20:52:51,130 [INFO] Connected with result code 0
2025-11-05 20:52:53,182 [INFO] Connected with result code 0
2025-11-05 20:52:54,186 [INFO] MQTT stopped
2025-11-05 20:52:55,556 [INFO] Connected with result code 0
2025-11-05 20:52:57,764 [INFO] Connected with result code 0
2025-11-05 20:52:59,812 [INFO] Connected with result code 0
2025-11-05 20:53:01,864 [INFO] Connected with result code 0
2025-11-05 20:53:03,924 [INFO] Connected with result code 0
2025-11-05 20:53:05,976 [INFO] Connected with result code 0
2025-11-05 20:53:08,008 [INFO] Connected with result code 0
2025-11-05 20:53:10,046 [INFO] Connected with result code 0
2025-11-05 20:53:12,090 [INFO] Connected with result code 0
2025-11-05 20:53:14,125 [INFO] Connected with result code 0
2025-11-05 20:53:16,173 [INFO] Connected with result code 0
2025-11-05 20:53:18,210 [INFO] Connected with result code 0
2025-11-05 20:53:20,239 [INFO] Connected with result code 0
2025-11-05 20:53:22,277 [INFO] Connected with result code 0
2025-11-05 20:53:24,304 [INFO] Connected with result code 0
2025-11-05 20:53:26,334 [INFO] Connected with result code 0
2025-11-05 20:53:28,366 [INFO] Connected with result code 0
2025-11-05 20:53:30,399 [INFO] Connected with result code 0
2025-11-05 20:53:32,450 [INFO] Connected with result code 0
2025-11-05 20:53:34,491 [INFO] Connected with result code 0
2025-11-05 20:53:36,529 [INFO] Connected with result code 0
2025-11-05 20:53:38,589 [INFO] Connected with result code 0
2025-11-05 20:53:40,626 [INFO] Connected with result code 0
2025-11-05 20:53:42,654 [INFO] Connected with result code 0
2025-11-05 20:53:44,698 [INFO] Connected with result code 0
2025-11-05 20:53:46,733 [INFO] Connected with result code 0
2025-11-05 20:53:48,780 [INFO] Connected with result code 0
2025-11-05 20:53:50,823 [INFO] Connected with result code 0
2025-11-05 20:53:52,882 [INFO] Connected with result code 0
2025-11-05 20:53:54,912 [INFO] Connected with result code 0
2025-11-05 20:53:56,975 [INFO] Connected with result code 0
2025-11-05 20:53:59,027 [INFO] Connected with result code 0
2025-11-05 20:54:01,084 [INFO] Connected with result code 0
2025-11-05 20:54:03,142 [INFO] Connected with result code 0
2025-11-05 20:54:05,173 [INFO] Connected with result code 0
2025-11-05 20:54:07,205 [INFO] Connected with result code 0
2025-11-05 20:54:09,248 [INFO] Connected with result code 0
2025-11-05 20:54:11,309 [INFO] Connected with result code 0
2025-11-05 20:54:13,339 [INFO] Connected with result code 0
2025-11-05 20:54:15,373 [INFO] Connected with result code 0
2025-11-05 20:54:17,404 [INFO] Connected with result code 0
2025-11-05 20:54:19,443 [INFO] Connected with result code 0
2025-11-05 20:54:21,513 [INFO] Connected with result code 0
2025-11-05 20:54:23,566 [INFO] Connected with result code 0
2025-11-05 20:54:25,589 [INFO] Connected with result code 0
2025-11-05 20:54:27,618 [INFO] Connected with result code 0
2025-11-05 20:54:29,658 [INFO] Connected with result code 0
2025-11-05 20:54:31,716 [INFO] Connected with result code 0
2025-11-05 20:54:33,774 [INFO] Connected with result code 0
2025-11-05 20:54:35,839 [INFO] Connected with result code 0
2025-11-05 20:54:37,872 [INFO] Connected with result code 0
2025-11-05 20:54:39,916 [INFO] Connected with result code 0
2025-11-05 20:54:41,943 [INFO] Connected with result code 0
2025-11-05 20:54:43,972 [INFO] Connected with result code 0
2025-11-05 20:54:46,008 [INFO] Connected with result code 0
2025-11-05 20:54:48,077 [INFO] Connected with result code 0
2025-11-05 20:54:50,112 [INFO] Connected with result code 0
2025-11-05 20:54:52,167 [INFO] Connected with result code 0
2025-11-05 20:54:54,198 [INFO] Connected with result code 0
2025-11-05 20:54:56,249 [INFO] Connected with result code 0
2025-11-05 20:54:58,288 [INFO] Connected with result code 0
2025-11-05 20:55:00,313 [INFO] Connected with result code 0
2025-11-05 20:55:02,371 [INFO] Connected with result code 0
2025-11-05 20:55:04,401 [INFO] Connected with result code 0
2025-11-05 20:55:06,430 [INFO] Connected with result code 0
2025-11-05 20:55:08,470 [INFO] Connected with result code 0
2025-11-05 20:55:10,521 [INFO] Connected with result code 0
2025-11-05 20:55:12,546 [INFO] Connected with result code 0
2025-11-05 20:55:14,600 [INFO] Connected with result code 0
2025-11-05 20:55:16,648 [INFO] Connected with result code 0
2025-11-05 20:55:18,714 [INFO] Connected with result code 0
2025-11-05 20:55:20,739 [INFO] Connected with result code 0
2025-11-05 20:55:22,800 [INFO] Connected with result code 0
2025-11-05 20:55:24,850 [INFO] Connected with result code 0
2025-11-05 20:55:26,899 [INFO] Connected with result code 0
2025-11-05 20:55:28,956 [INFO] Connected with result code 0
2025-11-05 20:55:30,997 [INFO] Connected with result code 0
2025-11-05 20:55:33,033 [INFO] Connected with result code 0
2025-11-05 20:55:35,070 [INFO] Connected with result code 0
2025-11-05 20:55:37,132 [INFO] Connected with result code 0
2025-11-05 20:55:39,164 [INFO] Connected with result code 0
2025-11-05 20:55:41,210 [INFO] Connected with result code 0
2025-11-05 20:55:43,247 [INFO] Connected with result code 0
2025-11-05 20:55:45,304 [INFO] Connected with result code 0
2025-11-05 20:55:47,338 [INFO] Connected with result code 0
2025-11-05 20:55:49,379 [INFO] Connected with result code 0
2025-11-05 20:55:51,408 [INFO] Connected with result code 0
2025-11-05 20:55:53,444 [INFO] Connected with result code 0
2025-11-05 20:55:55,488 [INFO] Connected with result code 0
2025-11-05 20:55:57,525 [INFO] Connected with result code 0
2025-11-05 20:55:59,556 [INFO] Connected with result code 0
2025-11-05 20:56:01,619 [INFO] Connected with result code 0
2025-11-05 20:56:02,625 [INFO] MQTT stopped
2025-11-05 20:56:03,998 [INFO] Connected with result code 0
2025-11-05 20:56:06,040 [INFO] Connected with result code 0
2025-11-05 20:56:08,082 [INFO] Connected with result code 0
2025-11-05 20:56:10,102 [INFO] MQTT stopped
2025-11-05 20:56:11,179 [INFO] Connected with result code 0
2025-11-05 20:56:13,201 [INFO] Connected with result code 0
2025-11-05 20:56:15,238 [INFO] Connected with result code 0
2025-11-05 20:56:17,295 [INFO] Connected with result code 0
2025-11-05 20:56:19,329 [INFO] Connected with result code 0
2025-11-05 20:56:21,363 [INFO] Connected with result code 0
2025-11-05 20:56:22,367 [INFO] MQTT stopped
2025-11-05 20:56:23,347 [INFO] Connected with result code 0
2025-11-05 20:56:25,366 [INFO] MQTT stopped
2025-11-05 20:56:26,343 [INFO] Connected with result code 0
2025-11-05 20:56:28,374 [INFO] Connected with result code 0
2025-11-05 20:56:30,415 [INFO] Connected with result code 0
2025-11-05 20:56:32,428 [INFO] MQTT stopped
2025-11-05 20:56:33,495 [INFO] Connected with result code 0
2025-11-05 20:56:34,955 [INFO] Connected with result code 0
2025-11-05 20:56:37,007 [INFO] Connected with result code 0
2025-11-05 20:56:39,040 [INFO] Connected with result code 0
2025-11-05 20:56:41,074 [INFO] Connected with result code 0
2025-11-05 20:56:43,099 [INFO] Connected with result code 0
2025-11-05 20:56:45,150 [INFO] Connected with result code 0
2025-11-05 20:56:47,207 [INFO] Connected with result code 0
2025-11-05 20:56:49,254 [INFO] Connected with result code 0
2025-11-05 20:56:51,305 [INFO] Connected with result code 0
2025-11-05 20:56:52,311 [INFO] MQTT stopped
2025-11-05 20:56:53,337 [INFO] Connected with result code 0
2025-11-05 20:56:54,871 [INFO] Connected with result code 0
2025-11-05 20:56:56,905 [INFO] Connected with result code 0
2025-11-05 20:56:58,943 [INFO] Connected with result code 0
2025-11-05 20:57:00,965 [INFO] Connected with result code 0
2025-11-05 20:57:01,970 [INFO] MQTT stopped
2025-11-05 20:57:02,932 [INFO] Connected with result code 0
2025-11-05 20:57:04,416 [INFO] Connected with result code 0
2025-11-05 20:57:06,443 [INFO] Connected with result code 0
2025-11-05 20:57:08,486 [INFO] Connected with result code 0
2025-11-05 20:57:10,535 [INFO] Connected with result code 0
2025-11-05 20:57:12,596 [INFO] Connected with result code 0
2025-11-05 20:57:14,652 [INFO] Connected with result code 0
2025-11-05 20:57:16,694 [INFO] Connected with result code 0
2025-11-05 20:57:18,731 [INFO] Connected with result code 0
2025-11-05 20:57:20,778 [INFO] Connected with result code 0
2025-11-05 20:57:22,831 [INFO] Connected with result code 0
2025-11-05 20:57:24,872 [INFO] Connected with result code 0
2025-11-05 20:57:26,917 [INFO] Connected with result code 0
2025-11-05 20:57:28,941 [INFO] Connected with result code 0
2025-11-05 20:57:31,001 [INFO] Connected with result code 0
2025-11-05 20:57:33,055 [INFO] Connected with result code 0
2025-11-05 20:57:35,098 [INFO] Connected with result code 0
2025-11-05 20:57:37,153 [INFO] Connected with result code 0
2025-11-05 20:57:39,184 [INFO] Connected with result code 0
2025-11-05 20:57:41,207 [INFO] Connected with result code 0
2025-11-05 20:57:43,242 [INFO] Connected with result code 0
2025-11-05 20:57:45,276 [INFO] Connected with result code 0
2025-11-05 20:57:47,332 [INFO] Connected with result code 0
2025-11-05 20:57:49,373 [INFO] Connected with result code 0
2025-11-05 20:57:51,422 [INFO] Connected with result code 0
2025-11-05 20:57:53,464 [INFO] Connected with result code 0
2025-11-05 20:57:55,498 [INFO] Connected with result code 0
2025-11-05 20:57:57,519 [INFO] Connected with result code 0
2025-11-05 20:57:59,560 [INFO] Connected with result code 0
2025-11-05 20:58:01,604 [INFO] Connected with result code 0
2025-11-05 20:58:03,632 [INFO] Connected with result code 0
2025-11-05 20:58:05,687 [INFO] Connected with result code 0
2025-11-05 20:58:07,734 [INFO] Connected with result code 0
2025-11-05 20:58:09,764 [INFO] Connected with result code 0
2025-11-05 20:58:11,835 [INFO] Connected with result code 0
2025-11-05 20:58:13,881 [INFO] Connected with result code 0
2025-11-05 20:58:15,929 [INFO] Connected with result code 0
2025-11-05 20:58:16,926 [INFO] MQTT stopped
2025-11-05 20:58:17,964 [INFO] Connected with result code 0
2025-11-05 20:58:19,440 [INFO] Connected with result code 0
2025-11-05 20:58:21,464 [INFO] Connected with result code 0
2025-11-05 20:58:23,515 [INFO] Connected with result code 0
2025-11-05 20:58:24,520 [INFO] MQTT stopped
2025-11-05 20:58:25,686 [INFO] Connected with result code 0
2025-11-05 20:58:27,738 [INFO] Connected with result code 0
2025-11-05 20:58:29,777 [INFO] Connected with result code 0
2025-11-05 20:58:31,826 [INFO] Connected with result code 0
2025-11-05 20:58:33,867 [INFO] Connected with result code 0
2025-11-05 20:58:35,903 [INFO] Connected with result code 0
2025-11-05 20:58:37,924 [INFO] Connected with result code 0
2025-11-05 20:58:39,971 [INFO] Connected with result code 0
2025-11-05 20:58:42,005 [INFO] Connected with result code 0
2025-11-05 20:58:44,064 [INFO] Connected with result code 0
2025-11-05 20:58:46,108 [INFO] Connected with result code 0
2025-11-05 20:58:48,149 [INFO] Connected with result code 0
2025-11-05 20:58:50,187 [INFO] Connected with result code 0
2025-11-05 20:58:52,258 [INFO] Connected with result code 0
2025-11-05 20:58:54,294 [INFO] Connected with result code 0
2025-11-05 20:58:56,342 [INFO] Connected with result code 0
2025-11-05 20:58:58,395 [INFO] Connected with result code 0
2025-11-05 20:59:00,444 [INFO] Connected with result code 0
2025-11-05 20:59:02,476 [INFO] Connected with result code 0
2025-11-05 20:59:04,543 [INFO] Connected with result code 0
2025-11-05 20:59:06,596 [INFO] Connected with result code 0
2025-11-05 20:59:08,658 [INFO] Connected with result code 0
2025-11-05 20:59:10,701 [INFO] Connected with result code 0
2025-11-05 20:59:12,742 [INFO] Connected with result code 0
2025-11-05 20:59:14,781 [INFO] Connected with result code 0
2025-11-05 20:59:16,843 [INFO] Connected with result code 0
2025-11-05 20:59:18,876 [INFO] Connected with result code 0
2025-11-05 20:59:20,938 [INFO] Connected with result code 0
2025-11-05 20:59:22,977 [INFO] Connected with result code 0
2025-11-05 20:59:25,002 [INFO] Connected with result code 0
2025-11-05 20:59:27,041 [INFO] Connected with result code 0
2025-11-05 20:59:29,085 [INFO] Connected with result code 0
2025-11-05 20:59:31,120 [INFO] Connected with result code 0
2025-11-05 20:59:33,172 [INFO] Connected with result code 0
2025-11-05 20:59:35,224 [INFO] Connected with result code 0
2025-11-05 20:59:37,269 [INFO] Connected with result code 0
2025-11-05 20:59:39,336 [INFO] Connected with result code 0
2025-11-05 20:59:41,385 [INFO] Connected with result code 0
2025-11-05 20:59:43,411 [INFO] Connected with result code 0
2025-11-05 20:59:45,471 [INFO] Connected with result code 0
2025-11-05 20:59:47,516 [INFO] Connected with result code 0
2025-11-05 20:59:49,560 [INFO] Connected with result code 0
2025-11-05 20:59:51,601 [INFO] Connected with result code 0
2025-11-05 20:59:53,662 [INFO] Connected with result code 0
2025-11-05 20:59:55,716 [INFO] Connected with result code 0
2025-11-05 20:59:57,768 [INFO] Connected with result code 0
2025-11-05 20:59:59,797 [INFO] Connected with result code 0
2025-11-05 21:00:01,852 [INFO] Connected with result code 0
2025-11-05 21:00:03,890 [INFO] Connected with result code 0
2025-11-05 21:00:05,922 [INFO] Connected with result code 0
2025-11-05 21:00:07,958 [INFO] Connected with result code 0
2025-11-05 21:00:09,997 [INFO] Connected with result code 0
2025-11-05 21:00:12,045 [INFO] Connected with result code 0
2025-11-05 21:00:14,079 [INFO] Connected with result code 0
2025-11-05 21:00:16,114 [INFO] Connected with result code 0
2025-11-05 21:00:18,168 [INFO] Connected with result code 0
2025-11-05 21:00:20,222 [INFO] Connected with result code 0
2025-11-05 21:00:22,279 [INFO] Connected with result code 0
2025-11-05 21:00:23,284 [INFO] MQTT stopped
2025-11-05 21:00:24,635 [INFO] Connected with result code 0
2025-11-05 21:00:26,205 [INFO] Connected with result code 0
2025-11-05 21:00:28,237 [INFO] Connected with result code 0
2025-11-05 21:00:30,268 [INFO] Connected with result code 0
2025-11-05 21:00:32,290 [INFO] Connected with result code 0
2025-11-05 21:00:34,327 [INFO] Connected with result code 0
2025-11-05 21:00:36,353 [INFO] Connected with result code 0
2025-11-05 21:00:37,358 [INFO] MQTT stopped
2025-11-05 21:00:38,763 [INFO] Connected with result code 0
2025-11-05 21:00:40,780 [INFO] MQTT stopped
2025-11-05 21:00:41,814 [INFO] Connected with result code 0
2025-11-05 21:00:43,866 [INFO] Connected with result code 0
2025-11-05 21:00:45,895 [INFO] Connected with result code 0
2025-11-05 21:00:47,923 [INFO] Connected with result code 0
2025-11-05 21:00:49,969 [INFO] Connected with result code 0
2025-11-05 21:00:51,995 [INFO] Connected with result code 0
2025-11-05 21:00:54,046 [INFO] Connected with result code 0
2025-11-05 21:00:56,056 [INFO] MQTT stopped
2025-11-05 21:00:57,042 [INFO] Connected with result code 0
2025-11-05 21:00:58,576 [INFO] Connected with result code 0
2025-11-05 21:01:00,628 [INFO] Connected with result code 0
2025-11-05 21:01:02,665 [INFO] Connected with result code 0
2025-11-05 21:01:04,715 [INFO] Connected with result code 0
2025-11-05 21:01:06,754 [INFO] Connected with result code 0
2025-11-05 21:01:08,788 [INFO] Connected with result code 0
2025-11-05 21:01:10,822 [INFO] Connected with result code 0
2025-11-05 21:01:12,870 [INFO] Connected with result code 0
2025-11-05 21:01:14,905 [INFO] Connected with result code 0
2025-11-05 21:01:16,945 [INFO] Connected with result code 0
2025-11-05 21:01:18,992 [INFO] Connected with result code 0
2025-11-05 21:01:21,038 [INFO] Connected with result code 0
2025-11-05 21:01:23,091 [INFO] Connected with result code 0
2025-11-05 21:01:25,143 [INFO] Connected with result code 0
2025-11-05 21:01:27,199 [INFO] Connected with result code 0
2025-11-05 21:01:29,258 [INFO] Connected with result code 0
2025-11-05 21:01:31,323 [INFO] Connected with result code 0
2025-11-05 21:01:33,368 [INFO] Connected with result code 0
2025-11-05 21:01:35,416 [INFO] Connected with result code 0
2025-11-05 21:01:37,452 [INFO] Connected with result code 0
2025-11-05 21:01:39,501 [INFO] Connected with result code 0
2025-11-05 21:01:41,537 [INFO] Connected with result code 0
2025-11-05 21:01:43,582 [INFO] Connected with result code 0
2025-11-05 21:01:45,623 [INFO] Connected with result code 0
2025-11-05 21:01:47,658 [INFO] Connected with result code 0
2025-11-05 21:01:49,715 [INFO] Connected with result code 0
2025-11-05 21:01:51,738 [INFO] Connected with result code 0
2025-11-05 21:01:53,768 [INFO] Connected with result code 0
2025-11-05 21:01:55,805 [INFO] Connected with result code 0
2025-11-05 21:01:57,850 [INFO] Connected with result code 0
2025-11-05 21:01:58,855 [INFO] MQTT stopped
2025-11-05 21:02:00,232 [INFO] Connected with result code 0
2025-11-05 21:02:01,662 [INFO] Connected with result code 0
2025-11-05 21:02:03,692 [INFO] Connected with result code 0
2025-11-05 21:02:05,749 [INFO] Connected with result code 0
2025-11-05 21:02:07,791 [INFO] Connected with result code 0
2025-11-05 21:02:09,835 [INFO] Connected with result code 0
2025-11-05 21:02:11,894 [INFO] Connected with result code 0
2025-11-05 21:02:13,921 [INFO] Connected with result code 0
2025-11-05 21:02:15,972 [INFO] Connected with result code 0
2025-11-05 21:02:18,036 [INFO] Connected with result code 0
2025-11-05 21:02:20,062 [INFO] Connected with result code 0
2025-11-05 21:02:22,127 [INFO] Connected with result code 0
2025-11-05 21:02:24,170 [INFO] Connected with result code 0
2025-11-05 21:02:26,215 [INFO] Connected with result code 0
2025-11-05 21:02:28,240 [INFO] Connected with result code 0
2025-11-05 21:02:30,300 [INFO] Connected with result code 0
2025-11-05 21:02:32,353 [INFO] Connected with result code 0
2025-11-05 21:02:34,391 [INFO] Connected with result code 0
2025-11-05 21:02:36,432 [INFO] Connected with result code 0
2025-11-05 21:02:38,488 [INFO] Connected with result code 0
2025-11-05 21:02:40,545 [INFO] Connected with result code 0
2025-11-05 21:02:42,593 [INFO] Connected with result code 0
2025-11-05 21:02:44,629 [INFO] Connected with result code 0
2025-11-05 21:02:46,695 [INFO] Connected with result code 0
2025-11-05 21:02:48,750 [INFO] Connected with result code 0
2025-11-05 21:02:50,788 [INFO] Connected with result code 0
2025-11-05 21:02:52,825 [INFO] Connected with result code 0
2025-11-05 21:02:54,869 [INFO] Connected with result code 0
2025-11-05 21:02:56,907 [INFO] Connected with result code 0
2025-11-05 21:02:58,951 [INFO] Connected with result code 0
2025-11-05 21:03:01,000 [INFO] Connected with result code 0
2025-11-05 21:03:03,045 [INFO] Connected with result code 0
2025-11-05 21:03:05,078 [INFO] Connected with result code 0
2025-11-05 21:03:07,128 [INFO] Connected with result code 0
2025-11-05 21:03:09,167 [INFO] Connected with result code 0
2025-11-05 21:03:11,217 [INFO] Connected with result code 0
2025-11-05 21:03:13,245 [INFO] Connected with result code 0
2025-11-05 21:03:15,272 [INFO] Connected with result code 0
2025-11-05 21:03:17,317 [INFO] Connected with result code 0
2025-11-05 21:03:19,363 [INFO] Connected with result code 0
2025-11-05 21:03:21,391 [INFO] Connected with result code 0
2025-11-05 21:03:23,433 [INFO] Connected with result code 0
2025-11-05 21:03:25,496 [INFO] Connected with result code 0
2025-11-05 21:03:27,526 [INFO] Connected with result code 0
2025-11-05 21:03:29,550 [INFO] Connected with result code 0
2025-11-05 21:03:31,582 [INFO] Connected with result code 0
2025-11-05 21:03:33,630 [INFO] Connected with result code 0
2025-11-05 21:03:35,674 [INFO] Connected with result code 0
2025-11-05 21:03:37,698 [INFO] Connected with result code 0
2025-11-05 21:03:39,740 [INFO] Connected with result code 0
2025-11-05 21:03:41,799 [INFO] Connected with result code 0
2025-11-05 21:03:43,831 [INFO] Connected with result code 0
2025-11-05 21:03:45,880 [INFO] Connected with result code 0
2025-11-05 21:03:47,932 [INFO] Connected with result code 0
2025-11-05 21:03:49,963 [INFO] Connected with result code 0
2025-11-05 21:03:52,006 [INFO] Connected with result code 0
2025-11-05 21:03:54,058 [INFO] Connected with result code 0
2025-11-05 21:03:56,122 [INFO] Connected with result code 0
2025-11-05 21:03:58,169 [INFO] Connected with result code 0
2025-11-05 21:04:00,209 [INFO] Connected with result code 0
2025-11-05 21:04:02,262 [INFO] Connected with result code 0
2025-11-05 21:04:04,295 [INFO] Connected with result code 0
2025-11-05 21:04:06,329 [INFO] Connected with result code 0
2025-11-05 21:04:08,362 [INFO] Connected with result code 0
2025-11-05 21:04:10,390 [INFO] Connected with result code 0
2025-11-05 21:04:12,445 [INFO] Connected with result code 0
2025-11-05 21:04:14,480 [INFO] Connected with result code 0
2025-11-05 21:04:16,532 [INFO] Connected with result code 0
2025-11-05 21:04:18,568 [INFO] Connected with result code 0
2025-11-05 21:04:20,623 [INFO] Connected with result code 0
2025-11-05 21:04:22,633 [INFO] MQTT stopped
2025-11-05 21:04:23,933 [INFO] Connected with result code 0
2025-11-05 21:04:25,990 [INFO] Connected with result code 0
2025-11-05 21:04:28,035 [INFO] Connected with result code 0
2025-11-05 21:04:30,087 [INFO] Connected with result code 0
2025-11-05 21:04:32,124 [INFO] Connected with result code 0
2025-11-05 21:04:34,154 [INFO] Connected with result code 0
2025-11-05 21:04:36,210 [INFO] Connected with result code 0
2025-11-05 21:04:38,222 [INFO] MQTT stopped
2025-11-05 21:11:26,161 [INFO] Connected with result code 0
2025-11-05 21:11:28,189 [INFO] Connected with result code 0
2025-11-05 21:11:30,197 [INFO] MQTT stopped
2025-11-05 21:11:31,307 [INFO] Connected with result code 0
2025-11-05 21:11:33,339 [INFO] Connected with result code 0
2025-11-05 21:11:35,398 [INFO] Connected with result code 0
2025-11-05 21:11:37,459 [INFO] Connected with result code 0
2025-11-05 21:11:39,497 [INFO] Connected with result code 0
2025-11-05 21:11:41,557 [INFO] Connected with result code 0
2025-11-05 21:11:43,597 [INFO] Connected with result code 0
2025-11-05 21:11:44,598 [INFO] MQTT stopped
2025-11-05 21:11:45,848 [INFO] Connected with result code 0
2025-11-05 21:11:47,922 [INFO] Connected with result code 0
2025-11-05 21:11:49,946 [INFO] Connected with result code 0
2025-11-05 21:11:52,007 [INFO] Connected with result code 0
2025-11-05 21:11:54,058 [INFO] Connected with result code 0
2025-11-05 21:11:56,107 [INFO] Connected with result code 0
2025-11-05 21:11:58,155 [INFO] Connected with result code 0
2025-11-05 21:12:00,194 [INFO] Connected with result code 0
2025-11-05 21:12:02,250 [INFO] Connected with result code 0
2025-11-05 21:12:04,288 [INFO] Connected with result code 0
2025-11-05 21:12:06,337 [INFO] Connected with result code 0
2025-11-05 21:12:08,381 [INFO] Connected with result code 0
2025-11-05 21:12:10,411 [INFO] Connected with result code 0
2025-11-05 21:12:12,463 [INFO] Connected with result code 0
2025-11-05 21:12:14,524 [INFO] Connected with result code 0
2025-11-05 21:12:15,530 [INFO] MQTT stopped
2025-11-05 21:12:16,559 [INFO] Connected with result code 0
2025-11-05 21:12:18,597 [INFO] Connected with result code 0
2025-11-05 21:12:20,650 [INFO] Connected with result code 0
2025-11-05 21:12:22,703 [INFO] Connected with result code 0
2025-11-05 21:12:24,752 [INFO] Connected with result code 0
2025-11-05 21:12:26,810 [INFO] Connected with result code 0
2025-11-05 21:12:28,853 [INFO] Connected with result code 0
2025-11-05 21:12:29,859 [INFO] MQTT stopped
2025-11-05 21:12:30,928 [INFO] Connected with result code 0
2025-11-05 21:12:32,416 [INFO] Connected with result code 0
2025-11-05 21:12:34,458 [INFO] Connected with result code 0
2025-11-05 21:12:36,473 [INFO] MQTT stopped
2025-11-05 21:12:37,457 [INFO] Connected with result code 0
2025-11-05 21:12:39,518 [INFO] Connected with result code 0
2025-11-05 21:12:41,554 [INFO] Connected with result code 0
2025-11-05 21:12:42,559 [INFO] MQTT stopped
2025-11-05 21:12:43,619 [INFO] Connected with result code 0
2025-11-05 21:12:45,655 [INFO] Connected with result code 0
2025-11-05 21:12:47,691 [INFO] Connected with result code 0
2025-11-05 21:12:48,695 [INFO] MQTT stopped
2025-11-05 21:12:49,677 [INFO] Connected with result code 0
2025-11-05 21:12:51,688 [INFO] MQTT stopped
2025-11-05 21:12:52,690 [INFO] Connected with result code 0
2025-11-05 21:12:54,736 [INFO] Connected with result code 0
2025-11-05 21:12:56,765 [INFO] Connected with result code 0
2025-11-05 21:12:58,796 [INFO] Connected with result code 0
2025-11-05 21:12:58,796 [INFO] MQTT stopped
2025-11-05 21:12:59,880 [INFO] Connected with result code 0
2025-11-05 21:13:01,915 [INFO] Connected with result code 0
2025-11-05 21:13:03,962 [INFO] Connected with result code 0
2025-11-05 21:13:04,968 [INFO] MQTT stopped
2025-11-05 21:13:05,998 [INFO] Connected with result code 0
2025-11-05 21:13:08,032 [INFO] Connected with result code 0
2025-11-05 21:13:10,061 [INFO] Connected with result code 0
2025-11-05 21:13:11,068 [INFO] MQTT stopped
2025-11-05 21:13:12,051 [INFO] Connected with result code 0
2025-11-05 21:13:13,609 [INFO] Connected with result code 0
2025-11-05 21:13:15,648 [INFO] Connected with result code 0
2025-11-05 21:13:17,691 [INFO] Connected with result code 0
2025-11-05 21:13:19,712 [INFO] Connected with result code 0
2025-11-05 21:13:21,746 [INFO] Connected with result code 0
2025-11-05 21:13:23,804 [INFO] Connected with result code 0
2025-11-05 21:13:25,841 [INFO] Connected with result code 0
2025-11-05 21:13:27,881 [INFO] Connected with result code 0
2025-11-05 21:13:29,926 [INFO] Connected with result code 0
2025-11-05 21:13:31,969 [INFO] Connected with result code 0
2025-11-05 21:13:34,026 [INFO] Connected with result code 0
2025-11-05 21:13:36,090 [INFO] Connected with result code 0
2025-11-05 21:13:38,116 [INFO] Connected with result code 0
2025-11-05 21:13:40,158 [INFO] Connected with result code 0
2025-11-05 21:13:42,225 [INFO] Connected with result code 0
2025-11-05 21:13:44,265 [INFO] Connected with result code 0
2025-11-05 21:13:46,293 [INFO] Connected with result code 0
2025-11-05 21:13:48,340 [INFO] Connected with result code 0
2025-11-05 21:13:50,376 [INFO] Connected with result code 0
2025-11-05 21:13:52,413 [INFO] Connected with result code 0
2025-11-05 21:13:54,457 [INFO] Connected with result code 0
2025-11-05 21:13:56,513 [INFO] Connected with result code 0
2025-11-05 21:13:58,560 [INFO] Connected with result code 0
2025-11-05 21:14:00,613 [INFO] Connected with result code 0
2025-11-05 21:14:02,647 [INFO] Connected with result code 0
2025-11-05 21:14:04,688 [INFO] Connected with result code 0
2025-11-05 21:14:06,716 [INFO] Connected with result code 0
2025-11-05 21:14:08,748 [INFO] Connected with result code 0
2025-11-05 21:14:10,792 [INFO] Connected with result code 0
2025-11-05 21:14:12,851 [INFO] Connected with result code 0
2025-11-05 21:14:14,916 [INFO] Connected with result code 0
2025-11-05 21:14:16,951 [INFO] Connected with result code 0
2025-11-05 21:14:19,006 [INFO] Connected with result code 0
2025-11-05 21:14:21,040 [INFO] Connected with result code 0
2025-11-05 21:14:23,077 [INFO] Connected with result code 0
2025-11-05 21:14:25,125 [INFO] Connected with result code 0
2025-11-05 21:14:27,169 [INFO] Connected with result code 0
2025-11-05 21:14:29,198 [INFO] Connected with result code 0
2025-11-05 21:14:31,240 [INFO] Connected with result code 0
2025-11-05 21:14:33,262 [INFO] Connected with result code 0
2025-11-05 21:14:35,308 [INFO] Connected with result code 0
2025-11-05 21:14:37,338 [INFO] Connected with result code 0
2025-11-05 21:14:39,399 [INFO] Connected with result code 0
2025-11-05 21:14:41,446 [INFO] Connected with result code 0
2025-11-05 21:14:43,474 [INFO] Connected with result code 0
2025-11-05 21:14:45,506 [INFO] Connected with result code 0
2025-11-05 21:14:47,540 [INFO] Connected with result code 0
2025-11-05 21:14:49,585 [INFO] Connected with result code 0
2025-11-05 21:14:51,628 [INFO] Connected with result code 0
2025-11-05 21:14:53,672 [INFO] Connected with result code 0
2025-11-05 21:14:55,705 [INFO] Connected with result code 0
2025-11-05 21:14:57,770 [INFO] Connected with result code 0
2025-11-05 21:14:59,829 [INFO] Connected with result code 0
2025-11-05 21:15:01,882 [INFO] Connected with result code 0
2025-11-05 21:15:03,928 [INFO] Connected with result code 0
2025-11-05 21:15:05,975 [INFO] Connected with result code 0
2025-11-05 21:15:08,023 [INFO] Connected with result code 0
2025-11-05 21:15:10,072 [INFO] Connected with result code 0
2025-11-05 21:15:12,117 [INFO] Connected with result code 0
2025-11-05 21:15:14,146 [INFO] Connected with result code 0
2025-11-05 21:15:16,202 [INFO] Connected with result code 0
2025-11-05 21:15:18,253 [INFO] Connected with result code 0
2025-11-05 21:15:20,282 [INFO] Connected with result code 0
2025-11-05 21:15:22,342 [INFO] Connected with result code 0
2025-11-05 21:15:24,386 [INFO] Connected with result code 0
2025-11-05 21:15:26,440 [INFO] Connected with result code 0
2025-11-05 21:15:28,497 [INFO] Connected with result code 0
2025-11-05 21:15:30,542 [INFO] Connected with result code 0
2025-11-05 21:15:32,602 [INFO] Connected with result code 0
2025-11-05 21:15:34,645 [INFO] Connected with result code 0
2025-11-05 21:15:36,702 [INFO] Connected with result code 0
2025-11-05 21:15:38,754 [INFO] Connected with result code 0
2025-11-05 21:15:40,804 [INFO] Connected with result code 0
2025-11-05 21:15:42,872 [INFO] Connected with result code 0
2025-11-05 21:15:44,932 [INFO] Connected with result code 0
2025-11-05 21:15:46,955 [INFO] Connected with result code 0
2025-11-05 21:15:48,993 [INFO] Connected with result code 0
2025-11-05 21:15:51,042 [INFO] Connected with result code 0
2025-11-05 21:15:53,085 [INFO] Connected with result code 0
2025-11-05 21:15:55,141 [INFO] Connected with result code 0
2025-11-05 21:15:57,188 [INFO] Connected with result code 0
2025-11-05 21:15:59,218 [INFO] Connected with result code 0
2025-11-05 21:16:01,248 [INFO] Connected with result code 0
2025-11-05 21:16:03,280 [INFO] Connected with result code 0
2025-11-05 21:16:05,319 [INFO] Connected with result code 0
2025-11-05 21:16:07,376 [INFO] Connected with result code 0
2025-11-05 21:16:09,432 [INFO] Connected with result code 0
2025-11-05 21:16:11,449 [INFO] Connected with result code 0
2025-11-05 21:16:13,487 [INFO] Connected with result code 0
2025-11-05 21:16:15,543 [INFO] Connected with result code 0
2025-11-05 21:16:17,603 [INFO] Connected with result code 0
2025-11-05 21:16:19,639 [INFO] Connected with result code 0
2025-11-05 21:16:21,673 [INFO] Connected with result code 0
2025-11-05 21:16:23,748 [INFO] Connected with result code 0
2025-11-05 21:16:25,799 [INFO] Connected with result code 0
2025-11-05 21:16:27,841 [INFO] Connected with result code 0
2025-11-05 21:16:29,895 [INFO] Connected with result code 0
2025-11-05 21:16:31,951 [INFO] Connected with result code 0
2025-11-05 21:16:33,999 [INFO] Connected with result code 0
2025-11-05 21:16:36,064 [INFO] Connected with result code 0
2025-11-05 21:16:38,117 [INFO] Connected with result code 0
2025-11-05 21:16:40,168 [INFO] Connected with result code 0
2025-11-05 21:16:42,215 [INFO] Connected with result code 0
2025-11-05 21:16:44,263 [INFO] Connected with result code 0
2025-11-05 21:16:46,300 [INFO] Connected with result code 0
2025-11-05 21:16:48,378 [INFO] Connected with result code 0
2025-11-05 21:16:50,433 [INFO] Connected with result code 0
2025-11-05 21:16:52,495 [INFO] Connected with result code 0
2025-11-05 21:16:54,521 [INFO] Connected with result code 0
2025-11-05 21:16:56,565 [INFO] Connected with result code 0
2025-11-05 21:16:58,616 [INFO] Connected with result code 0
2025-11-05 21:17:00,649 [INFO] Connected with result code 0
2025-11-05 21:17:02,672 [INFO] Connected with result code 0
2025-11-05 21:17:04,709 [INFO] Connected with result code 0
2025-11-05 21:17:06,740 [INFO] Connected with result code 0
2025-11-05 21:17:08,771 [INFO] Connected with result code 0
2025-11-05 21:17:10,806 [INFO] Connected with result code 0
2025-11-05 21:17:12,832 [INFO] Connected with result code 0
2025-11-05 21:17:14,855 [INFO] Connected with result code 0
2025-11-05 21:17:16,886 [INFO] Connected with result code 0
2025-11-05 21:17:18,925 [INFO] Connected with result code 0
2025-11-05 21:17:20,983 [INFO] Connected with result code 0
2025-11-05 21:17:23,023 [INFO] Connected with result code 0
2025-11-05 21:17:25,056 [INFO] Connected with result code 0
2025-11-05 21:17:27,102 [INFO] Connected with result code 0
2025-11-05 21:17:29,147 [INFO] Connected with result code 0
2025-11-05 21:17:31,168 [INFO] Connected with result code 0
2025-11-05 21:17:33,203 [INFO] Connected with result code 0
2025-11-05 21:17:35,241 [INFO] Connected with result code 0
2025-11-05 21:17:37,275 [INFO] Connected with result code 0
2025-11-05 21:17:39,307 [INFO] Connected with result code 0
2025-11-05 21:17:41,351 [INFO] Connected with result code 0
2025-11-05 21:17:43,385 [INFO] Connected with result code 0
2025-11-05 21:17:45,437 [INFO] Connected with result code 0
2025-11-05 21:17:47,477 [INFO] Connected with result code 0
2025-11-05 21:17:49,506 [INFO] Connected with result code 0
2025-11-05 21:17:51,535 [INFO] Connected with result code 0
2025-11-05 21:17:53,584 [INFO] Connected with result code 0
2025-11-05 21:17:55,614 [INFO] Connected with result code 0
2025-11-05 21:17:57,638 [INFO] Connected with result code 0
2025-11-05 21:17:59,690 [INFO] Connected with result code 0
2025-11-05 21:18:01,725 [INFO] Connected with result code 0
2025-11-05 21:18:03,764 [INFO] Connected with result code 0
2025-11-05 21:18:05,819 [INFO] Connected with result code 0
2025-11-05 21:18:07,845 [INFO] Connected with result code 0
2025-11-05 21:18:09,894 [INFO] Connected with result code 0
2025-11-05 21:18:11,937 [INFO] Connected with result code 0
2025-11-05 21:18:12,941 [INFO] MQTT stopped
2025-11-05 21:18:14,226 [INFO] Connected with result code 0
2025-11-05 21:18:15,656 [INFO] Connected with result code 0
2025-11-05 21:18:17,723 [INFO] Connected with result code 0
2025-11-05 21:18:19,768 [INFO] Connected with result code 0
2025-11-05 21:18:21,820 [INFO] Connected with result code 0
2025-11-05 21:18:23,872 [INFO] Connected with result code 0
2025-11-05 21:18:25,928 [INFO] Connected with result code 0
2025-11-05 21:18:27,963 [INFO] Connected with result code 0
2025-11-05 21:18:30,022 [INFO] Connected with result code 0
2025-11-05 21:18:32,069 [INFO] Connected with result code 0
2025-11-05 21:18:34,091 [INFO] Connected with result code 0
2025-11-05 21:18:36,169 [INFO] Connected with result code 0
2025-11-05 21:18:38,195 [INFO] Connected with result code 0
2025-11-05 21:18:40,237 [INFO] Connected with result code 0
2025-11-05 21:18:42,269 [INFO] Connected with result code 0
2025-11-05 21:18:44,333 [INFO] Connected with result code 0
2025-11-05 21:18:46,371 [INFO] Connected with result code 0
2025-11-05 21:18:48,419 [INFO] Connected with result code 0
2025-11-05 21:18:50,449 [INFO] Connected with result code 0
2025-11-05 21:18:52,505 [INFO] Connected with result code 0
2025-11-05 21:18:54,551 [INFO] Connected with result code 0
2025-11-05 21:18:56,574 [INFO] Connected with result code 0
2025-11-05 21:18:58,612 [INFO] Connected with result code 0
2025-11-05 21:19:00,648 [INFO] Connected with result code 0
2025-11-05 21:19:02,683 [INFO] Connected with result code 0
2025-11-05 21:19:04,744 [INFO] Connected with result code 0
2025-11-05 21:19:06,774 [INFO] Connected with result code 0
2025-11-05 21:19:08,833 [INFO] Connected with result code 0
2025-11-05 21:19:10,890 [INFO] Connected with result code 0
2025-11-05 21:19:12,929 [INFO] Connected with result code 0
2025-11-05 21:19:14,967 [INFO] Connected with result code 0
2025-11-05 21:19:17,034 [INFO] Connected with result code 0
2025-11-05 21:19:19,065 [INFO] Connected with result code 0
2025-11-05 21:19:21,079 [INFO] MQTT stopped
2025-11-05 21:19:22,055 [INFO] Connected with result code 0
2025-11-05 21:19:23,493 [INFO] Connected with result code 0
2025-11-05 21:19:25,549 [INFO] Connected with result code 0
2025-11-05 21:19:27,610 [INFO] Connected with result code 0
2025-11-05 21:19:29,640 [INFO] Connected with result code 0
2025-11-05 21:19:31,681 [INFO] Connected with result code 0
2025-11-05 21:19:33,736 [INFO] Connected with result code 0
2025-11-05 21:19:35,775 [INFO] Connected with result code 0
2025-11-05 21:19:37,822 [INFO] Connected with result code 0
2025-11-05 21:19:39,875 [INFO] Connected with result code 0
2025-11-05 21:19:41,904 [INFO] Connected with result code 0
2025-11-05 21:19:43,954 [INFO] Connected with result code 0
2025-11-05 21:19:45,991 [INFO] Connected with result code 0
2025-11-05 21:19:48,027 [INFO] Connected with result code 0
2025-11-05 21:19:50,049 [INFO] Connected with result code 0
2025-11-05 21:19:52,089 [INFO] Connected with result code 0
2025-11-05 21:19:54,138 [INFO] Connected with result code 0
2025-11-05 21:19:56,194 [INFO] Connected with result code 0
2025-11-05 21:19:58,232 [INFO] Connected with result code 0
2025-11-05 21:20:00,281 [INFO] Connected with result code 0
2025-11-05 21:20:02,327 [INFO] Connected with result code 0
2025-11-05 21:20:03,332 [INFO] MQTT stopped
2025-11-05 21:20:04,394 [INFO] Connected with result code 0
2025-11-05 21:20:06,413 [INFO] Connected with result code 0
2025-11-05 21:20:08,449 [INFO] Connected with result code 0
2025-11-05 21:20:10,503 [INFO] Connected with result code 0
2025-11-05 21:20:12,526 [INFO] Connected with result code 0
2025-11-05 21:20:14,585 [INFO] Connected with result code 0
2025-11-05 21:20:16,638 [INFO] Connected with result code 0
2025-11-05 21:20:18,678 [INFO] Connected with result code 0
2025-11-05 21:20:20,711 [INFO] Connected with result code 0
2025-11-05 21:20:22,745 [INFO] Connected with result code 0
2025-11-05 21:20:24,788 [INFO] Connected with result code 0
2025-11-05 21:20:26,818 [INFO] Connected with result code 0
2025-11-05 21:20:28,871 [INFO] Connected with result code 0
2025-11-05 21:20:30,914 [INFO] Connected with result code 0
2025-11-05 21:20:32,987 [INFO] Connected with result code 0
2025-11-05 21:20:35,041 [INFO] Connected with result code 0
2025-11-05 21:20:37,088 [INFO] Connected with result code 0
2025-11-05 21:20:39,116 [INFO] Connected with result code 0
2025-11-05 21:20:41,172 [INFO] Connected with result code 0
2025-11-05 21:20:43,208 [INFO] Connected with result code 0
2025-11-05 21:20:45,243 [INFO] Connected with result code 0
2025-11-05 21:20:47,276 [INFO] Connected with result code 0
2025-11-05 21:20:49,333 [INFO] Connected with result code 0
2025-11-05 21:20:51,377 [INFO] Connected with result code 0
2025-11-05 21:20:53,406 [INFO] Connected with result code 0
2025-11-05 21:20:55,452 [INFO] Connected with result code 0
2025-11-05 21:20:57,485 [INFO] Connected with result code 0
2025-11-05 21:20:59,512 [INFO] Connected with result code 0
2025-11-05 21:21:01,555 [INFO] Connected with result code 0
2025-11-05 21:21:03,582 [INFO] Connected with result code 0
2025-11-05 21:21:05,629 [INFO] Connected with result code 0
2025-11-05 21:21:07,669 [INFO] Connected with result code 0
2025-11-05 21:21:09,725 [INFO] Connected with result code 0
2025-11-05 21:21:11,765 [INFO] Connected with result code 0
2025-11-05 21:21:13,813 [INFO] Connected with result code 0
2025-11-05 21:21:15,871 [INFO] Connected with result code 0
2025-11-05 21:21:17,906 [INFO] Connected with result code 0
2025-11-05 21:21:19,951 [INFO] Connected with result code 0
2025-11-05 21:21:21,974 [INFO] Connected with result code 0
2025-11-05 21:21:23,996 [INFO] MQTT stopped
2025-11-05 21:21:25,245 [INFO] Connected with result code 0
2025-11-05 21:21:27,287 [INFO] Connected with result code 0
2025-11-05 21:21:29,301 [INFO] MQTT stopped
2025-11-05 21:21:30,387 [INFO] Connected with result code 0
2025-11-05 21:21:32,436 [INFO] Connected with result code 0
2025-11-05 21:21:34,471 [INFO] Connected with result code 0
2025-11-05 21:21:36,516 [INFO] Connected with result code 0
2025-11-05 21:21:38,552 [INFO] Connected with result code 0
2025-11-05 21:21:40,610 [INFO] Connected with result code 0
2025-11-05 21:21:42,665 [INFO] Connected with result code 0
2025-11-05 21:21:44,725 [INFO] Connected with result code 0
2025-11-05 21:21:46,774 [INFO] Connected with result code 0
2025-11-05 21:21:48,798 [INFO] Connected with result code 0
2025-11-05 21:21:50,838 [INFO] Connected with result code 0
2025-11-05 21:21:52,881 [INFO] Connected with result code 0
2025-11-05 21:21:54,936 [INFO] Connected with result code 0
2025-11-05 21:21:56,963 [INFO] Connected with result code 0
2025-11-05 21:21:59,023 [INFO] Connected with result code 0
2025-11-05 21:22:01,080 [INFO] Connected with result code 0
2025-11-05 21:22:03,130 [INFO] Connected with result code 0
2025-11-05 21:22:05,183 [INFO] Connected with result code 0
2025-11-05 21:22:07,245 [INFO] Connected with result code 0
2025-11-05 21:22:09,298 [INFO] Connected with result code 0
2025-11-05 21:22:11,352 [INFO] Connected with result code 0
2025-11-05 21:22:13,400 [INFO] Connected with result code 0
2025-11-05 21:22:15,463 [INFO] Connected with result code 0
2025-11-05 21:22:17,507 [INFO] Connected with result code 0
2025-11-05 21:22:19,561 [INFO] Connected with result code 0
2025-11-05 21:22:21,587 [INFO] Connected with result code 0
2025-11-05 21:22:23,657 [INFO] Connected with result code 0
2025-11-05 21:22:25,685 [INFO] Connected with result code 0
2025-11-05 21:22:27,720 [INFO] Connected with result code 0
2025-11-05 21:22:28,725 [INFO] MQTT stopped
2025-11-05 21:22:29,788 [INFO] Connected with result code 0
2025-11-05 21:22:31,820 [INFO] Connected with result code 0
2025-11-05 21:22:33,850 [INFO] Connected with result code 0
2025-11-05 21:22:35,885 [INFO] Connected with result code 0
2025-11-05 21:22:37,908 [INFO] Connected with result code 0
2025-11-05 21:22:39,940 [INFO] Connected with result code 0
2025-11-05 21:22:41,980 [INFO] Connected with result code 0
2025-11-05 21:22:44,021 [INFO] Connected with result code 0
2025-11-05 21:22:46,093 [INFO] Connected with result code 0
2025-11-05 21:22:48,128 [INFO] Connected with result code 0
2025-11-05 21:22:50,175 [INFO] Connected with result code 0
2025-11-05 21:22:52,224 [INFO] Connected with result code 0
2025-11-05 21:22:54,255 [INFO] Connected with result code 0
2025-11-05 21:22:56,283 [INFO] Connected with result code 0
2025-11-05 21:22:58,348 [INFO] Connected with result code 0
2025-11-05 21:23:00,381 [INFO] Connected with result code 0
2025-11-05 21:23:02,410 [INFO] Connected with result code 0
2025-11-05 21:23:04,474 [INFO] Connected with result code 0
2025-11-05 21:23:06,511 [INFO] Connected with result code 0
2025-11-05 21:23:08,550 [INFO] Connected with result code 0
2025-11-05 21:23:10,590 [INFO] Connected with result code 0
2025-11-05 21:23:12,627 [INFO] Connected with result code 0
2025-11-05 21:23:14,682 [INFO] Connected with result code 0
2025-11-05 21:23:16,733 [INFO] Connected with result code 0
2025-11-05 21:23:18,762 [INFO] Connected with result code 0
2025-11-05 21:23:20,793 [INFO] Connected with result code 0
2025-11-05 21:23:22,843 [INFO] Connected with result code 0
2025-11-05 21:23:24,899 [INFO] Connected with result code 0
2025-11-05 21:23:26,934 [INFO] Connected with result code 0
2025-11-05 21:23:28,954 [INFO] Connected with result code 0
2025-11-05 21:23:30,993 [INFO] Connected with result code 0
2025-11-05 21:23:33,022 [INFO] Connected with result code 0
2025-11-05 21:23:35,068 [INFO] Connected with result code 0
2025-11-05 21:23:37,093 [INFO] Connected with result code 0
2025-11-05 21:23:39,118 [INFO] Connected with result code 0
2025-11-05 21:23:41,153 [INFO] Connected with result code 0
2025-11-05 21:23:43,191 [INFO] Connected with result code 0
2025-11-05 21:23:45,224 [INFO] Connected with result code 0
2025-11-05 21:23:47,282 [INFO] Connected with result code 0
2025-11-05 21:23:49,330 [INFO] Connected with result code 0
2025-11-05 21:23:51,360 [INFO] Connected with result code 0
2025-11-05 21:23:53,408 [INFO] Connected with result code 0
2025-11-05 21:23:55,458 [INFO] Connected with result code 0
2025-11-05 21:23:57,490 [INFO] Connected with result code 0
2025-11-05 21:23:59,531 [INFO] Connected with result code 0
2025-11-05 21:24:01,580 [INFO] Connected with result code 0
2025-11-05 21:24:03,636 [INFO] Connected with result code 0
2025-11-05 21:24:05,687 [INFO] Connected with result code 0
2025-11-05 21:24:07,737 [INFO] Connected with result code 0
2025-11-05 21:24:09,787 [INFO] Connected with result code 0
2025-11-05 21:24:11,834 [INFO] Connected with result code 0
2025-11-05 21:24:13,891 [INFO] Connected with result code 0
2025-11-05 21:24:15,945 [INFO] Connected with result code 0
2025-11-05 21:24:18,016 [INFO] Connected with result code 0
2025-11-05 21:24:20,079 [INFO] Connected with result code 0
2025-11-05 21:24:22,122 [INFO] Connected with result code 0
2025-11-05 21:24:24,176 [INFO] Connected with result code 0
2025-11-05 21:24:26,236 [INFO] Connected with result code 0
2025-11-05 21:24:28,294 [INFO] Connected with result code 0
2025-11-05 21:24:30,335 [INFO] Connected with result code 0
2025-11-05 21:24:32,364 [INFO] Connected with result code 0
2025-11-05 21:24:34,407 [INFO] Connected with result code 0
2025-11-05 21:24:36,469 [INFO] Connected with result code 0
2025-11-05 21:24:38,521 [INFO] Connected with result code 0
2025-11-05 21:24:40,579 [INFO] Connected with result code 0
2025-11-05 21:24:42,635 [INFO] Connected with result code 0
2025-11-05 21:24:44,670 [INFO] Connected with result code 0
2025-11-05 21:24:46,702 [INFO] Connected with result code 0
2025-11-05 21:24:48,736 [INFO] Connected with result code 0
2025-11-05 21:24:50,801 [INFO] Connected with result code 0
2025-11-05 21:24:52,859 [INFO] Connected with result code 0
2025-11-05 21:24:54,895 [INFO] Connected with result code 0
2025-11-05 21:24:56,932 [INFO] Connected with result code 0
2025-11-05 21:24:58,972 [INFO] Connected with result code 0
2025-11-05 21:25:01,030 [INFO] Connected with result code 0
2025-11-05 21:25:03,055 [INFO] Connected with result code 0
2025-11-05 21:25:05,117 [INFO] Connected with result code 0
2025-11-05 21:25:07,179 [INFO] Connected with result code 0
2025-11-05 21:25:09,225 [INFO] Connected with result code 0
2025-11-05 21:25:11,273 [INFO] Connected with result code 0
2025-11-05 21:25:13,320 [INFO] Connected with result code 0
2025-11-05 21:25:15,378 [INFO] Connected with result code 0
2025-11-05 21:25:17,426 [INFO] Connected with result code 0
2025-11-05 21:25:19,484 [INFO] Connected with result code 0
2025-11-05 21:25:21,523 [INFO] Connected with result code 0
2025-11-05 21:25:23,573 [INFO] Connected with result code 0
2025-11-05 21:25:25,597 [INFO] Connected with result code 0
2025-11-05 21:25:27,616 [INFO] Connected with result code 0
2025-11-05 21:25:29,646 [INFO] Connected with result code 0
2025-11-05 21:25:31,675 [INFO] Connected with result code 0
2025-11-05 21:25:33,716 [INFO] Connected with result code 0
2025-11-05 21:25:35,749 [INFO] Connected with result code 0
2025-11-05 21:25:37,808 [INFO] Connected with result code 0
2025-11-05 21:25:39,867 [INFO] Connected with result code 0
2025-11-05 21:25:41,904 [INFO] Connected with result code 0
2025-11-05 21:25:43,965 [INFO] Connected with result code 0
2025-11-05 21:25:46,012 [INFO] Connected with result code 0
2025-11-05 21:25:48,045 [INFO] Connected with result code 0
2025-11-05 21:25:50,078 [INFO] Connected with result code 0
2025-11-05 21:25:52,134 [INFO] Connected with result code 0
2025-11-05 21:25:54,161 [INFO] Connected with result code 0
2025-11-05 21:25:56,221 [INFO] Connected with result code 0
2025-11-05 21:25:57,224 [INFO] MQTT stopped
2025-11-05 21:25:58,786 [INFO] Connected with result code 0
2025-11-05 21:26:00,288 [INFO] Connected with result code 0
2025-11-05 21:26:01,903 [INFO] Connected with result code 0
2025-11-05 21:26:03,952 [INFO] Connected with result code 0
2025-11-05 21:26:06,005 [INFO] Connected with result code 0
2025-11-05 21:26:08,042 [INFO] Connected with result code 0
2025-11-05 21:26:10,074 [INFO] Connected with result code 0
2025-11-05 21:26:12,112 [INFO] Connected with result code 0
2025-11-05 21:26:14,165 [INFO] Connected with result code 0
2025-11-05 21:26:16,226 [INFO] Connected with result code 0
2025-11-05 21:26:18,275 [INFO] Connected with result code 0
2025-11-05 21:26:20,311 [INFO] Connected with result code 0
2025-11-05 21:26:22,326 [INFO] MQTT stopped
2025-11-05 21:26:23,338 [INFO] Connected with result code 0
2025-11-05 21:26:24,852 [INFO] Connected with result code 0
2025-11-05 21:26:26,871 [INFO] MQTT stopped
2025-11-05 21:26:27,870 [INFO] Connected with result code 0
2025-11-05 21:26:29,470 [INFO] Connected with result code 0
2025-11-05 21:26:31,538 [INFO] Connected with result code 0
2025-11-05 21:26:33,577 [INFO] Connected with result code 0
2025-11-05 21:26:35,630 [INFO] Connected with result code 0
2025-11-05 21:26:37,684 [INFO] Connected with result code 0
2025-11-05 21:26:39,716 [INFO] Connected with result code 0
2025-11-05 21:26:41,759 [INFO] Connected with result code 0
2025-11-05 21:26:43,789 [INFO] Connected with result code 0
2025-11-05 21:26:45,827 [INFO] Connected with result code 0
2025-11-05 21:26:47,860 [INFO] Connected with result code 0
2025-11-05 21:26:49,877 [INFO] Connected with result code 0
2025-11-05 21:26:51,932 [INFO] Connected with result code 0
2025-11-05 21:26:53,966 [INFO] Connected with result code 0
2025-11-05 21:26:55,999 [INFO] Connected with result code 0
2025-11-05 21:26:58,051 [INFO] Connected with result code 0
2025-11-05 21:27:00,111 [INFO] Connected with result code 0
2025-11-05 21:27:02,150 [INFO] Connected with result code 0
2025-11-05 21:27:04,208 [INFO] Connected with result code 0
2025-11-05 21:27:06,235 [INFO] Connected with result code 0
2025-11-05 21:27:08,275 [INFO] Connected with result code 0
2025-11-05 21:27:10,311 [INFO] Connected with result code 0
2025-11-05 21:27:12,351 [INFO] Connected with result code 0
2025-11-05 21:27:14,384 [INFO] Connected with result code 0
2025-11-05 21:27:16,443 [INFO] Connected with result code 0
2025-11-05 21:27:18,493 [INFO] Connected with result code 0
2025-11-05 21:27:20,546 [INFO] Connected with result code 0
2025-11-05 21:27:22,601 [INFO] Connected with result code 0
2025-11-05 21:27:24,663 [INFO] Connected with result code 0
2025-11-05 21:27:26,706 [INFO] Connected with result code 0
2025-11-05 21:27:28,760 [INFO] Connected with result code 0
2025-11-05 21:27:30,812 [INFO] Connected with result code 0
2025-11-05 21:27:32,874 [INFO] Connected with result code 0
2025-11-05 21:27:34,910 [INFO] Connected with result code 0
2025-11-05 21:27:36,946 [INFO] Connected with result code 0
2025-11-05 21:27:38,977 [INFO] Connected with result code 0
2025-11-05 21:27:41,027 [INFO] Connected with result code 0
2025-11-05 21:27:43,055 [INFO] Connected with result code 0
2025-11-05 21:27:45,114 [INFO] Connected with result code 0
2025-11-05 21:27:47,162 [INFO] Connected with result code 0
2025-11-05 21:27:49,192 [INFO] Connected with result code 0
2025-11-05 21:27:51,237 [INFO] Connected with result code 0
2025-11-05 21:27:53,259 [INFO] Connected with result code 0
2025-11-05 21:27:55,292 [INFO] Connected with result code 0
2025-11-05 21:27:57,352 [INFO] Connected with result code 0
2025-11-05 21:27:59,404 [INFO] Connected with result code 0
2025-11-05 21:28:01,463 [INFO] Connected with result code 0
2025-11-05 21:28:03,494 [INFO] Connected with result code 0
2025-11-05 21:28:05,514 [INFO] Connected with result code 0
2025-11-05 21:28:07,537 [INFO] Connected with result code 0
2025-11-05 21:28:09,570 [INFO] Connected with result code 0
2025-11-05 21:28:11,632 [INFO] Connected with result code 0
2025-11-05 21:28:13,673 [INFO] Connected with result code 0
2025-11-05 21:28:15,703 [INFO] Connected with result code 0
2025-11-05 21:28:17,744 [INFO] Connected with result code 0
2025-11-05 21:28:19,786 [INFO] Connected with result code 0
2025-11-05 21:28:21,815 [INFO] Connected with result code 0
2025-11-05 21:28:23,848 [INFO] Connected with result code 0
2025-11-05 21:28:25,868 [INFO] MQTT stopped
2025-11-05 21:28:26,901 [INFO] Connected with result code 0
2025-11-05 21:28:28,922 [INFO] Connected with result code 0
2025-11-05 21:28:30,945 [INFO] Connected with result code 0
2025-11-05 21:28:33,005 [INFO] Connected with result code 0
2025-11-05 21:28:35,052 [INFO] Connected with result code 0
2025-11-05 21:28:37,082 [INFO] Connected with result code 0
2025-11-05 21:28:39,129 [INFO] Connected with result code 0
2025-11-05 21:28:41,155 [INFO] Connected with result code 0
2025-11-05 21:28:43,211 [INFO] Connected with result code 0
2025-11-05 21:28:45,247 [INFO] Connected with result code 0
2025-11-05 21:28:47,304 [INFO] Connected with result code 0
2025-11-05 21:28:49,361 [INFO] Connected with result code 0
2025-11-05 21:28:51,414 [INFO] Connected with result code 0
2025-11-05 21:28:53,445 [INFO] Connected with result code 0
2025-11-05 21:28:55,503 [INFO] Connected with result code 0
2025-11-05 21:28:57,551 [INFO] Connected with result code 0
2025-11-05 21:28:59,576 [INFO] Connected with result code 0
2025-11-05 21:29:01,626 [INFO] Connected with result code 0
2025-11-05 21:29:03,669 [INFO] Connected with result code 0
2025-11-05 21:29:04,675 [INFO] MQTT stopped
2025-11-05 21:29:06,016 [INFO] Connected with result code 0
2025-11-05 21:29:08,042 [INFO] Connected with result code 0
2025-11-05 21:29:09,052 [INFO] MQTT stopped
2025-11-05 21:29:10,108 [INFO] Connected with result code 0
2025-11-05 21:29:12,142 [INFO] Connected with result code 0
2025-11-05 21:29:14,199 [INFO] Connected with result code 0
2025-11-05 21:29:16,230 [INFO] Connected with result code 0
2025-11-05 21:29:18,267 [INFO] Connected with result code 0
2025-11-05 21:29:20,304 [INFO] Connected with result code 0
2025-11-05 21:29:22,350 [INFO] Connected with result code 0
2025-11-05 21:29:24,388 [INFO] Connected with result code 0
2025-11-05 21:29:26,423 [INFO] Connected with result code 0
2025-11-05 21:29:28,459 [INFO] Connected with result code 0
2025-11-05 21:29:30,522 [INFO] Connected with result code 0
2025-11-05 21:29:32,571 [INFO] Connected with result code 0
2025-11-05 21:29:34,629 [INFO] Connected with result code 0
2025-11-05 21:29:36,666 [INFO] Connected with result code 0
2025-11-05 21:29:38,704 [INFO] Connected with result code 0
2025-11-05 21:29:40,772 [INFO] Connected with result code 0
2025-11-05 21:29:42,806 [INFO] Connected with result code 0
2025-11-05 21:29:44,841 [INFO] Connected with result code 0
2025-11-05 21:29:46,867 [INFO] Connected with result code 0
2025-11-05 21:29:48,907 [INFO] Connected with result code 0
2025-11-05 21:29:50,949 [INFO] Connected with result code 0
2025-11-05 21:29:52,975 [INFO] Connected with result code 0
2025-11-05 21:29:55,035 [INFO] Connected with result code 0
2025-11-05 21:29:57,106 [INFO] Connected with result code 0
2025-11-05 21:29:58,110 [INFO] MQTT stopped
2025-11-05 21:29:59,302 [INFO] Connected with result code 0
2025-11-05 21:30:00,915 [INFO] Connected with result code 0
2025-11-05 21:30:02,949 [INFO] Connected with result code 0
2025-11-05 21:30:03,955 [INFO] MQTT stopped
2025-11-05 21:30:05,048 [INFO] Connected with result code 0
2025-11-05 21:30:06,563 [INFO] Connected with result code 0
2025-11-05 21:30:08,618 [INFO] Connected with result code 0
2025-11-05 21:30:10,673 [INFO] Connected with result code 0
2025-11-05 21:30:12,703 [INFO] Connected with result code 0
2025-11-05 21:30:14,755 [INFO] Connected with result code 0
2025-11-05 21:30:16,778 [INFO] Connected with result code 0
2025-11-05 21:30:18,812 [INFO] Connected with result code 0
2025-11-05 21:30:20,867 [INFO] Connected with result code 0
2025-11-05 21:30:22,916 [INFO] Connected with result code 0
2025-11-05 21:30:24,973 [INFO] Connected with result code 0
2025-11-05 21:30:27,010 [INFO] Connected with result code 0
2025-11-05 21:30:29,060 [INFO] Connected with result code 0
2025-11-05 21:30:31,100 [INFO] Connected with result code 0
2025-11-05 21:30:33,156 [INFO] Connected with result code 0
2025-11-05 21:30:35,191 [INFO] Connected with result code 0
2025-11-05 21:30:37,224 [INFO] Connected with result code 0
2025-11-05 21:30:39,282 [INFO] Connected with result code 0
2025-11-05 21:30:41,303 [INFO] Connected with result code 0
2025-11-05 21:30:43,336 [INFO] Connected with result code 0
2025-11-05 21:30:45,373 [INFO] Connected with result code 0
2025-11-05 21:30:47,429 [INFO] Connected with result code 0
2025-11-05 21:30:49,488 [INFO] Connected with result code 0
2025-11-05 21:30:51,517 [INFO] Connected with result code 0
2025-11-05 21:30:53,552 [INFO] Connected with result code 0
2025-11-05 21:30:55,608 [INFO] Connected with result code 0
2025-11-05 21:30:57,648 [INFO] Connected with result code 0
2025-11-05 21:30:59,695 [INFO] Connected with result code 0
2025-11-05 21:31:01,753 [INFO] Connected with result code 0
2025-11-05 21:31:03,786 [INFO] Connected with result code 0
2025-11-05 21:31:05,829 [INFO] Connected with result code 0
2025-11-05 21:31:07,863 [INFO] Connected with result code 0
2025-11-05 21:31:08,866 [INFO] MQTT stopped
2025-11-05 21:31:10,371 [INFO] Connected with result code 0
2025-11-05 21:31:12,418 [INFO] Connected with result code 0
2025-11-05 21:31:14,449 [INFO] Connected with result code 0
2025-11-05 21:31:16,495 [INFO] Connected with result code 0
2025-11-05 21:31:18,553 [INFO] Connected with result code 0
2025-11-05 21:31:20,589 [INFO] Connected with result code 0
2025-11-05 21:31:22,642 [INFO] Connected with result code 0
2025-11-05 21:31:24,691 [INFO] Connected with result code 0
2025-11-05 21:31:26,720 [INFO] Connected with result code 0
2025-11-05 21:31:28,769 [INFO] Connected with result code 0
2025-11-05 21:31:30,803 [INFO] Connected with result code 0
2025-11-05 21:31:32,853 [INFO] Connected with result code 0
2025-11-05 21:31:34,886 [INFO] Connected with result code 0
2025-11-05 21:31:36,942 [INFO] Connected with result code 0
2025-11-05 21:31:38,989 [INFO] Connected with result code 0
2025-11-05 21:31:41,022 [INFO] Connected with result code 0
2025-11-05 21:31:43,077 [INFO] Connected with result code 0
2025-11-05 21:31:45,112 [INFO] Connected with result code 0
2025-11-05 21:31:47,157 [INFO] Connected with result code 0
2025-11-05 21:31:49,197 [INFO] Connected with result code 0
2025-11-05 21:31:51,233 [INFO] Connected with result code 0
2025-11-05 21:31:53,266 [INFO] Connected with result code 0
2025-11-05 21:31:54,271 [INFO] MQTT stopped
2025-11-05 21:31:55,380 [INFO] Connected with result code 0
2025-11-05 21:31:56,845 [INFO] Connected with result code 0
2025-11-05 21:31:58,880 [INFO] Connected with result code 0
2025-11-05 21:32:00,921 [INFO] Connected with result code 0
2025-11-05 21:32:02,963 [INFO] Connected with result code 0
2025-11-05 21:32:05,018 [INFO] Connected with result code 0
2025-11-05 21:32:07,065 [INFO] Connected with result code 0
2025-11-05 21:32:09,100 [INFO] Connected with result code 0
2025-11-05 21:32:11,138 [INFO] Connected with result code 0
2025-11-05 21:32:13,187 [INFO] Connected with result code 0
2025-11-05 21:32:15,214 [INFO] Connected with result code 0
2025-11-05 21:32:17,251 [INFO] Connected with result code 0
2025-11-05 21:32:19,296 [INFO] Connected with result code 0
2025-11-05 21:32:21,345 [INFO] Connected with result code 0
2025-11-05 21:32:23,404 [INFO] Connected with result code 0
2025-11-05 21:32:25,437 [INFO] Connected with result code 0
2025-11-05 21:32:27,492 [INFO] Connected with result code 0
2025-11-05 21:32:29,528 [INFO] Connected with result code 0
2025-11-05 21:32:31,582 [INFO] Connected with result code 0
2025-11-05 21:32:33,613 [INFO] Connected with result code 0
2025-11-05 21:32:35,647 [INFO] Connected with result code 0
2025-11-05 21:32:37,703 [INFO] Connected with result code 0
2025-11-05 21:32:39,734 [INFO] Connected with result code 0
2025-11-05 21:32:41,754 [INFO] Connected with result code 0
2025-11-05 21:32:43,787 [INFO] Connected with result code 0
2025-11-05 21:32:45,834 [INFO] Connected with result code 0
2025-11-05 21:32:47,860 [INFO] Connected with result code 0
2025-11-05 21:32:49,890 [INFO] Connected with result code 0
2025-11-05 21:32:51,938 [INFO] Connected with result code 0
2025-11-05 21:32:53,974 [INFO] Connected with result code 0
2025-11-05 21:32:55,985 [INFO] MQTT stopped
2025-11-05 21:41:14,563 [INFO] Connected with result code 0
2025-11-05 21:41:16,595 [INFO] Connected with result code 0
2025-11-05 21:41:18,647 [INFO] Connected with result code 0
2025-11-05 21:41:20,679 [INFO] Connected with result code 0
2025-11-05 21:41:22,704 [INFO] Connected with result code 0
2025-11-05 21:41:24,733 [INFO] Connected with result code 0
2025-11-05 21:41:26,778 [INFO] Connected with result code 0
2025-11-05 21:41:28,818 [INFO] Connected with result code 0
2025-11-05 21:41:30,860 [INFO] Connected with result code 0
2025-11-05 21:41:32,901 [INFO] Connected with result code 0
2025-11-05 21:41:34,951 [INFO] Connected with result code 0
2025-11-05 21:41:36,999 [INFO] Connected with result code 0
2025-11-05 21:41:39,031 [INFO] Connected with result code 0
2025-11-05 21:41:41,070 [INFO] Connected with result code 0
2025-11-05 21:41:43,106 [INFO] Connected with result code 0
2025-11-05 21:41:45,143 [INFO] Connected with result code 0
2025-11-05 21:41:47,189 [INFO] Connected with result code 0
2025-11-05 21:41:49,247 [INFO] Connected with result code 0
2025-11-05 21:41:51,300 [INFO] Connected with result code 0
2025-11-05 21:41:53,350 [INFO] Connected with result code 0
2025-11-05 21:41:55,378 [INFO] Connected with result code 0
2025-11-05 21:41:57,407 [INFO] Connected with result code 0
2025-11-05 21:41:58,412 [INFO] MQTT stopped
2025-11-05 21:41:59,383 [INFO] Connected with result code 0
2025-11-05 21:42:00,834 [INFO] Connected with result code 0
2025-11-05 21:42:02,881 [INFO] Connected with result code 0
2025-11-05 21:42:04,905 [INFO] Connected with result code 0
2025-11-05 21:42:06,952 [INFO] Connected with result code 0
2025-11-05 21:42:08,992 [INFO] Connected with result code 0
2025-11-05 21:42:11,025 [INFO] Connected with result code 0
2025-11-05 21:42:13,082 [INFO] Connected with result code 0
2025-11-05 21:42:15,143 [INFO] Connected with result code 0
2025-11-05 21:42:17,181 [INFO] Connected with result code 0
2025-11-05 21:42:19,221 [INFO] Connected with result code 0
2025-11-05 21:42:21,261 [INFO] Connected with result code 0
2025-11-05 21:42:23,300 [INFO] Connected with result code 0
2025-11-05 21:42:25,358 [INFO] Connected with result code 0
2025-11-05 21:42:27,402 [INFO] Connected with result code 0
2025-11-05 21:42:29,410 [INFO] MQTT stopped
2025-11-05 21:42:30,556 [INFO] Connected with result code 0
2025-11-05 21:42:32,600 [INFO] Connected with result code 0
2025-11-05 21:42:34,634 [INFO] Connected with result code 0
2025-11-05 21:42:36,655 [INFO] MQTT stopped
2025-11-05 21:42:37,719 [INFO] Connected with result code 0
2025-11-05 21:42:39,754 [INFO] Connected with result code 0
2025-11-05 21:42:41,773 [INFO] MQTT stopped
2025-11-05 21:42:42,790 [INFO] Connected with result code 0
2025-11-05 21:42:44,820 [INFO] Connected with result code 0
2025-11-05 21:42:46,857 [INFO] Connected with result code 0
2025-11-05 21:42:48,896 [INFO] Connected with result code 0
2025-11-05 21:42:50,923 [INFO] Connected with result code 0
2025-11-05 21:42:52,963 [INFO] Connected with result code 0
2025-11-05 21:42:55,012 [INFO] Connected with result code 0
2025-11-05 21:42:57,058 [INFO] Connected with result code 0
2025-11-05 21:42:59,095 [INFO] Connected with result code 0
2025-11-05 21:43:01,154 [INFO] Connected with result code 0
2025-11-05 21:43:03,190 [INFO] Connected with result code 0
2025-11-05 21:43:05,236 [INFO] Connected with result code 0
2025-11-05 21:43:07,289 [INFO] Connected with result code 0
2025-11-05 21:43:09,345 [INFO] Connected with result code 0
2025-11-05 21:43:11,374 [INFO] Connected with result code 0
2025-11-05 21:43:13,434 [INFO] Connected with result code 0
2025-11-05 21:43:15,466 [INFO] Connected with result code 0
2025-11-05 21:43:17,525 [INFO] Connected with result code 0
2025-11-05 21:43:19,555 [INFO] Connected with result code 0
2025-11-05 21:43:21,604 [INFO] Connected with result code 0
2025-11-05 21:43:23,630 [INFO] Connected with result code 0
2025-11-05 21:43:25,664 [INFO] Connected with result code 0
2025-11-05 21:43:27,688 [INFO] Connected with result code 0
2025-11-05 21:43:29,725 [INFO] Connected with result code 0
2025-11-05 21:43:31,777 [INFO] Connected with result code 0
2025-11-05 21:43:33,811 [INFO] Connected with result code 0
2025-11-05 21:43:35,844 [INFO] Connected with result code 0
2025-11-05 21:43:37,894 [INFO] Connected with result code 0
2025-11-05 21:43:39,927 [INFO] Connected with result code 0
2025-11-05 21:43:41,961 [INFO] Connected with result code 0
2025-11-05 21:43:43,992 [INFO] Connected with result code 0
2025-11-05 21:43:46,016 [INFO] Connected with result code 0
2025-11-05 21:43:48,049 [INFO] Connected with result code 0
2025-11-05 21:43:50,097 [INFO] Connected with result code 0
2025-11-05 21:43:52,132 [INFO] Connected with result code 0
2025-11-05 21:43:53,138 [INFO] MQTT stopped
2025-11-05 21:43:54,195 [INFO] Connected with result code 0
2025-11-05 21:43:56,238 [INFO] Connected with result code 0
2025-11-05 21:43:58,298 [INFO] Connected with result code 0
2025-11-05 21:44:00,350 [INFO] Connected with result code 0
2025-11-05 21:44:02,378 [INFO] Connected with result code 0
2025-11-05 21:44:04,436 [INFO] Connected with result code 0
2025-11-05 21:44:06,494 [INFO] Connected with result code 0
2025-11-05 21:44:08,531 [INFO] Connected with result code 0
2025-11-05 21:44:10,572 [INFO] Connected with result code 0
2025-11-05 21:44:12,628 [INFO] Connected with result code 0
2025-11-05 21:44:14,658 [INFO] Connected with result code 0
2025-11-05 21:44:16,692 [INFO] Connected with result code 0
2025-11-05 21:44:18,721 [INFO] Connected with result code 0
2025-11-05 21:44:20,752 [INFO] Connected with result code 0
2025-11-05 21:44:22,805 [INFO] Connected with result code 0
2025-11-05 21:44:24,851 [INFO] Connected with result code 0
2025-11-05 21:44:26,908 [INFO] Connected with result code 0
2025-11-05 21:44:28,983 [INFO] Connected with result code 0
2025-11-05 21:44:31,035 [INFO] Connected with result code 0
2025-11-05 21:44:33,066 [INFO] Connected with result code 0
2025-11-05 21:44:35,102 [INFO] Connected with result code 0
2025-11-05 21:44:37,140 [INFO] Connected with result code 0
2025-11-05 21:44:39,195 [INFO] Connected with result code 0
2025-11-05 21:44:41,255 [INFO] Connected with result code 0
2025-11-05 21:44:43,290 [INFO] Connected with result code 0
2025-11-05 21:44:45,344 [INFO] Connected with result code 0
2025-11-05 21:44:46,349 [INFO] MQTT stopped
2025-11-05 21:44:47,381 [INFO] Connected with result code 0
2025-11-05 21:44:49,408 [INFO] Connected with result code 0
2025-11-05 21:44:51,468 [INFO] Connected with result code 0
2025-11-05 21:44:53,508 [INFO] Connected with result code 0
2025-11-05 21:44:55,538 [INFO] Connected with result code 0
2025-11-05 21:44:57,574 [INFO] Connected with result code 0
2025-11-05 21:44:59,613 [INFO] Connected with result code 0
2025-11-05 21:45:01,665 [INFO] Connected with result code 0
2025-11-05 21:45:03,709 [INFO] Connected with result code 0
2025-11-05 21:45:05,738 [INFO] Connected with result code 0
2025-11-05 21:45:07,784 [INFO] Connected with result code 0
2025-11-05 21:45:09,847 [INFO] Connected with result code 0
2025-11-05 21:45:11,879 [INFO] Connected with result code 0
2025-11-05 21:45:13,906 [INFO] Connected with result code 0
2025-11-05 21:45:15,959 [INFO] Connected with result code 0
2025-11-05 21:45:18,011 [INFO] Connected with result code 0
2025-11-05 21:45:20,066 [INFO] Connected with result code 0
2025-11-05 21:45:22,080 [INFO] MQTT stopped
2025-11-05 21:45:23,149 [INFO] Connected with result code 0
2025-11-05 21:45:24,634 [INFO] Connected with result code 0
2025-11-05 21:45:26,688 [INFO] Connected with result code 0
2025-11-05 21:45:28,737 [INFO] Connected with result code 0
2025-11-05 21:45:30,761 [INFO] Connected with result code 0
2025-11-05 21:45:32,791 [INFO] Connected with result code 0
2025-11-05 21:45:34,848 [INFO] Connected with result code 0
2025-11-05 21:45:36,883 [INFO] Connected with result code 0
2025-11-05 21:45:38,939 [INFO] Connected with result code 0
2025-11-05 21:45:40,991 [INFO] Connected with result code 0
2025-11-05 21:45:43,044 [INFO] Connected with result code 0
2025-11-05 21:45:45,077 [INFO] Connected with result code 0
2025-11-05 21:45:47,139 [INFO] Connected with result code 0
2025-11-05 21:45:49,191 [INFO] Connected with result code 0
2025-11-05 21:45:51,225 [INFO] Connected with result code 0
2025-11-05 21:45:53,256 [INFO] Connected with result code 0
2025-11-05 21:45:55,295 [INFO] Connected with result code 0
2025-11-05 21:45:57,335 [INFO] Connected with result code 0
2025-11-05 21:45:59,379 [INFO] Connected with result code 0
2025-11-05 21:46:01,432 [INFO] Connected with result code 0
2025-11-05 21:46:03,479 [INFO] Connected with result code 0
2025-11-05 21:46:05,518 [INFO] Connected with result code 0
2025-11-05 21:46:07,566 [INFO] Connected with result code 0
2025-11-05 21:46:09,585 [INFO] Connected with result code 0
2025-11-05 21:46:11,629 [INFO] Connected with result code 0
2025-11-05 21:46:13,668 [INFO] Connected with result code 0
2025-11-05 21:46:15,735 [INFO] Connected with result code 0
2025-11-05 21:46:17,782 [INFO] Connected with result code 0
2025-11-05 21:46:19,841 [INFO] Connected with result code 0
2025-11-05 21:46:21,882 [INFO] Connected with result code 0
2025-11-05 21:46:23,919 [INFO] Connected with result code 0
2025-11-05 21:46:25,966 [INFO] Connected with result code 0
2025-11-05 21:46:28,017 [INFO] Connected with result code 0
2025-11-05 21:46:30,071 [INFO] Connected with result code 0
2025-11-05 21:46:32,110 [INFO] Connected with result code 0
2025-11-05 21:46:34,156 [INFO] Connected with result code 0
2025-11-05 21:46:36,208 [INFO] Connected with result code 0
2025-11-05 21:46:38,242 [INFO] Connected with result code 0
2025-11-05 21:46:40,279 [INFO] Connected with result code 0
2025-11-05 21:46:42,341 [INFO] Connected with result code 0
2025-11-05 21:46:44,388 [INFO] Connected with result code 0
2025-11-05 21:46:46,430 [INFO] Connected with result code 0
2025-11-05 21:46:48,456 [INFO] Connected with result code 0
2025-11-05 21:46:50,499 [INFO] Connected with result code 0
2025-11-05 21:46:52,554 [INFO] Connected with result code 0
2025-11-05 21:46:54,609 [INFO] Connected with result code 0
2025-11-05 21:46:56,658 [INFO] Connected with result code 0
2025-11-05 21:46:58,699 [INFO] Connected with result code 0
2025-11-05 21:47:00,732 [INFO] Connected with result code 0
2025-11-05 21:47:02,791 [INFO] Connected with result code 0
2025-11-05 21:47:04,857 [INFO] Connected with result code 0
2025-11-05 21:47:06,918 [INFO] Connected with result code 0
2025-11-05 21:47:08,949 [INFO] Connected with result code 0
2025-11-05 21:47:11,011 [INFO] Connected with result code 0
2025-11-05 21:47:13,064 [INFO] Connected with result code 0
2025-11-05 21:47:15,088 [INFO] Connected with result code 0
2025-11-05 21:47:17,126 [INFO] Connected with result code 0
2025-11-05 21:47:19,156 [INFO] Connected with result code 0
2025-11-05 21:47:21,208 [INFO] Connected with result code 0
2025-11-05 21:47:23,254 [INFO] Connected with result code 0
2025-11-05 21:47:25,307 [INFO] Connected with result code 0
2025-11-05 21:47:27,365 [INFO] Connected with result code 0
2025-11-05 21:47:29,405 [INFO] Connected with result code 0
2025-11-05 21:47:31,457 [INFO] Connected with result code 0
2025-11-05 21:47:33,492 [INFO] Connected with result code 0
2025-11-05 21:47:35,551 [INFO] Connected with result code 0
2025-11-05 21:47:37,606 [INFO] Connected with result code 0
2025-11-05 21:47:39,631 [INFO] Connected with result code 0
2025-11-05 21:47:41,681 [INFO] Connected with result code 0
2025-11-05 21:47:43,717 [INFO] Connected with result code 0
2025-11-05 21:47:45,752 [INFO] Connected with result code 0
2025-11-05 21:47:47,795 [INFO] Connected with result code 0
2025-11-05 21:47:49,822 [INFO] Connected with result code 0
2025-11-05 21:47:51,840 [INFO] Connected with result code 0
2025-11-05 21:47:53,890 [INFO] Connected with result code 0
2025-11-05 21:47:55,925 [INFO] Connected with result code 0
2025-11-05 21:47:57,978 [INFO] Connected with result code 0
2025-11-05 21:48:00,011 [INFO] Connected with result code 0
2025-11-05 21:48:02,044 [INFO] Connected with result code 0
2025-11-05 21:48:04,076 [INFO] Connected with result code 0
2025-11-05 21:48:06,104 [INFO] Connected with result code 0
2025-11-05 21:48:08,154 [INFO] Connected with result code 0
2025-11-05 21:48:10,184 [INFO] Connected with result code 0
2025-11-05 21:48:12,244 [INFO] Connected with result code 0
2025-11-05 21:48:14,274 [INFO] Connected with result code 0
2025-11-05 21:48:16,302 [INFO] Connected with result code 0
2025-11-05 21:48:18,350 [INFO] Connected with result code 0
2025-11-05 21:48:20,402 [INFO] Connected with result code 0
2025-11-05 21:48:22,455 [INFO] Connected with result code 0
2025-11-05 21:48:24,507 [INFO] Connected with result code 0
2025-11-05 21:48:26,554 [INFO] Connected with result code 0
2025-11-05 21:48:28,600 [INFO] Connected with result code 0
2025-11-05 21:48:30,641 [INFO] Connected with result code 0
2025-11-05 21:48:32,696 [INFO] Connected with result code 0
2025-11-05 21:48:34,810 [INFO] Connected with result code 0
2025-11-05 21:48:36,798 [INFO] Connected with result code 0
2025-11-05 21:48:38,845 [INFO] Connected with result code 0
2025-11-05 21:48:40,917 [INFO] Connected with result code 0
2025-11-05 21:48:42,946 [INFO] Connected with result code 0
2025-11-05 21:48:44,966 [INFO] Connected with result code 0
2025-11-05 21:48:47,006 [INFO] Connected with result code 0
2025-11-05 21:48:49,064 [INFO] Connected with result code 0
2025-11-05 21:48:51,119 [INFO] Connected with result code 0
2025-11-05 21:48:53,160 [INFO] Connected with result code 0
2025-11-05 21:48:55,203 [INFO] Connected with result code 0
2025-11-05 21:48:57,254 [INFO] Connected with result code 0
2025-11-05 21:48:59,284 [INFO] Connected with result code 0
2025-11-05 21:49:01,313 [INFO] Connected with result code 0
2025-11-05 21:49:03,367 [INFO] Connected with result code 0
2025-11-05 21:49:05,422 [INFO] Connected with result code 0
2025-11-05 21:49:07,459 [INFO] Connected with result code 0
2025-11-05 21:49:09,494 [INFO] Connected with result code 0
2025-11-05 21:49:11,541 [INFO] Connected with result code 0
2025-11-05 21:49:13,584 [INFO] Connected with result code 0
2025-11-05 21:49:15,602 [INFO] MQTT stopped
2025-11-05 21:49:16,664 [INFO] Connected with result code 0
2025-11-05 21:49:18,191 [INFO] Connected with result code 0
2025-11-05 21:49:20,240 [INFO] Connected with result code 0
2025-11-05 21:49:22,283 [INFO] Connected with result code 0
2025-11-05 21:49:24,334 [INFO] Connected with result code 0
2025-11-05 21:49:26,389 [INFO] Connected with result code 0
2025-11-05 21:49:28,434 [INFO] Connected with result code 0
2025-11-05 21:49:30,461 [INFO] Connected with result code 0
2025-11-05 21:49:32,520 [INFO] Connected with result code 0
2025-11-05 21:49:34,569 [INFO] Connected with result code 0
2025-11-05 21:49:36,605 [INFO] Connected with result code 0
2025-11-05 21:49:38,659 [INFO] Connected with result code 0
2025-11-05 21:49:40,686 [INFO] Connected with result code 0
2025-11-05 21:49:42,747 [INFO] Connected with result code 0
2025-11-05 21:49:44,803 [INFO] Connected with result code 0
2025-11-05 21:49:46,850 [INFO] Connected with result code 0
2025-11-05 21:49:48,894 [INFO] Connected with result code 0
2025-11-05 21:49:50,947 [INFO] Connected with result code 0
2025-11-05 21:49:52,997 [INFO] Connected with result code 0
2025-11-05 21:49:54,001 [INFO] MQTT stopped
2025-11-05 21:49:55,321 [INFO] Connected with result code 0
2025-11-05 21:49:56,831 [INFO] Connected with result code 0
2025-11-05 21:49:58,873 [INFO] Connected with result code 0
2025-11-05 21:49:59,879 [INFO] MQTT stopped
2025-11-05 21:50:01,000 [INFO] Connected with result code 0
2025-11-05 21:50:02,564 [INFO] Connected with result code 0
2025-11-05 21:50:04,622 [INFO] Connected with result code 0
2025-11-05 21:50:06,662 [INFO] Connected with result code 0
2025-11-05 21:50:08,724 [INFO] Connected with result code 0
2025-11-05 21:50:10,783 [INFO] Connected with result code 0
2025-11-05 21:50:12,799 [INFO] Connected with result code 0
2025-11-05 21:50:14,837 [INFO] Connected with result code 0
2025-11-05 21:50:16,865 [INFO] Connected with result code 0
2025-11-05 21:50:17,867 [INFO] MQTT stopped
2025-11-05 21:50:18,892 [INFO] Connected with result code 0
2025-11-05 21:50:20,932 [INFO] Connected with result code 0
2025-11-05 21:50:22,983 [INFO] Connected with result code 0
2025-11-05 21:50:25,037 [INFO] Connected with result code 0
2025-11-05 21:50:27,096 [INFO] Connected with result code 0
2025-11-05 21:50:29,149 [INFO] Connected with result code 0
2025-11-05 21:50:31,181 [INFO] Connected with result code 0
2025-11-05 21:50:33,221 [INFO] Connected with result code 0
2025-11-05 21:50:35,258 [INFO] Connected with result code 0
2025-11-05 21:50:37,292 [INFO] Connected with result code 0
2025-11-05 21:50:39,347 [INFO] Connected with result code 0
2025-11-05 21:50:41,379 [INFO] Connected with result code 0
2025-11-05 21:50:43,418 [INFO] Connected with result code 0
2025-11-05 21:50:45,455 [INFO] Connected with result code 0
2025-11-05 21:50:47,518 [INFO] Connected with result code 0
2025-11-05 21:50:49,554 [INFO] Connected with result code 0
2025-11-05 21:50:51,584 [INFO] Connected with result code 0
2025-11-05 21:50:53,618 [INFO] Connected with result code 0
2025-11-05 21:50:55,655 [INFO] Connected with result code 0
2025-11-05 21:50:57,702 [INFO] Connected with result code 0
2025-11-05 21:50:59,754 [INFO] Connected with result code 0
2025-11-05 21:51:01,788 [INFO] Connected with result code 0
2025-11-05 21:51:03,849 [INFO] Connected with result code 0
2025-11-05 21:51:05,899 [INFO] Connected with result code 0
2025-11-05 21:51:07,954 [INFO] Connected with result code 0
2025-11-05 21:51:10,005 [INFO] Connected with result code 0
2025-11-05 21:51:12,070 [INFO] Connected with result code 0
2025-11-05 21:51:14,099 [INFO] Connected with result code 0
2025-11-05 21:51:16,171 [INFO] Connected with result code 0
2025-11-05 21:51:18,186 [INFO] MQTT stopped
2025-11-05 21:51:19,125 [INFO] Connected with result code 0
2025-11-05 21:51:20,610 [INFO] Connected with result code 0
2025-11-05 21:51:22,645 [INFO] Connected with result code 0
2025-11-05 21:51:24,689 [INFO] Connected with result code 0
2025-11-05 21:51:26,734 [INFO] Connected with result code 0
2025-11-05 21:51:28,762 [INFO] Connected with result code 0
2025-11-05 21:51:30,804 [INFO] Connected with result code 0
2025-11-05 21:51:32,859 [INFO] Connected with result code 0
2025-11-05 21:51:34,905 [INFO] Connected with result code 0
2025-11-05 21:51:36,964 [INFO] Connected with result code 0
2025-11-05 21:51:39,021 [INFO] Connected with result code 0
2025-11-05 21:51:41,045 [INFO] Connected with result code 0
2025-11-05 21:51:43,082 [INFO] Connected with result code 0
2025-11-05 21:51:45,126 [INFO] Connected with result code 0
2025-11-05 21:51:47,162 [INFO] Connected with result code 0
2025-11-05 21:51:49,192 [INFO] Connected with result code 0
2025-11-05 21:51:51,244 [INFO] Connected with result code 0
2025-11-05 21:51:53,255 [INFO] MQTT stopped
2025-11-05 21:51:54,244 [INFO] Connected with result code 0
2025-11-05 21:51:55,759 [INFO] Connected with result code 0
2025-11-05 21:51:57,811 [INFO] Connected with result code 0
2025-11-05 21:51:59,862 [INFO] Connected with result code 0
2025-11-05 21:52:01,919 [INFO] Connected with result code 0
2025-11-05 21:52:03,967 [INFO] Connected with result code 0
2025-11-05 21:52:05,995 [INFO] Connected with result code 0
2025-11-05 21:52:08,029 [INFO] Connected with result code 0
2025-11-05 21:52:10,066 [INFO] Connected with result code 0
2025-11-05 21:52:12,129 [INFO] Connected with result code 0
2025-11-05 21:52:14,166 [INFO] Connected with result code 0
2025-11-05 21:52:16,211 [INFO] Connected with result code 0
2025-11-05 21:52:18,246 [INFO] Connected with result code 0
2025-11-05 21:52:20,290 [INFO] Connected with result code 0
2025-11-05 21:52:22,325 [INFO] Connected with result code 0
2025-11-05 21:52:24,351 [INFO] Connected with result code 0
2025-11-05 21:52:26,386 [INFO] Connected with result code 0
2025-11-05 21:52:28,401 [INFO] MQTT stopped
2025-11-05 21:52:29,436 [INFO] Connected with result code 0
2025-11-05 21:52:30,998 [INFO] Connected with result code 0
2025-11-05 21:52:32,001 [INFO] MQTT stopped
2025-11-05 21:52:33,118 [INFO] Connected with result code 0
2025-11-05 21:52:35,144 [INFO] Connected with result code 0
2025-11-05 21:52:37,168 [INFO] Connected with result code 0
2025-11-05 21:52:39,199 [INFO] Connected with result code 0
2025-11-05 21:52:41,257 [INFO] Connected with result code 0
2025-11-05 21:52:43,298 [INFO] Connected with result code 0
2025-11-05 21:52:45,326 [INFO] Connected with result code 0
2025-11-05 21:52:47,359 [INFO] Connected with result code 0
2025-11-05 21:52:49,407 [INFO] Connected with result code 0
2025-11-05 21:52:51,437 [INFO] Connected with result code 0
2025-11-05 21:52:53,483 [INFO] Connected with result code 0
2025-11-05 21:52:55,530 [INFO] Connected with result code 0
2025-11-05 21:52:57,584 [INFO] Connected with result code 0
2025-11-05 21:52:59,640 [INFO] Connected with result code 0
2025-11-05 21:53:01,678 [INFO] Connected with result code 0
2025-11-05 21:53:03,733 [INFO] Connected with result code 0
2025-11-05 21:53:05,759 [INFO] Connected with result code 0
2025-11-05 21:53:07,802 [INFO] Connected with result code 0
2025-11-05 21:53:09,831 [INFO] Connected with result code 0
2025-11-05 21:53:11,859 [INFO] Connected with result code 0
2025-11-05 21:53:13,886 [INFO] Connected with result code 0
2025-11-05 21:53:14,892 [INFO] MQTT stopped
2025-11-05 21:53:15,931 [INFO] Connected with result code 0
2025-11-05 21:53:17,438 [INFO] Connected with result code 0
2025-11-05 21:53:19,500 [INFO] Connected with result code 0
2025-11-05 21:53:21,549 [INFO] Connected with result code 0
2025-11-05 21:53:23,579 [INFO] Connected with result code 0
2025-11-05 21:53:25,619 [INFO] Connected with result code 0
2025-11-05 21:53:27,640 [INFO] Connected with result code 0
2025-11-05 21:53:29,702 [INFO] Connected with result code 0
2025-11-05 21:53:31,741 [INFO] Connected with result code 0
2025-11-05 21:53:33,779 [INFO] Connected with result code 0
2025-11-05 21:53:35,840 [INFO] Connected with result code 0
2025-11-05 21:53:37,875 [INFO] Connected with result code 0
2025-11-05 21:53:39,900 [INFO] Connected with result code 0
2025-11-05 21:53:41,932 [INFO] Connected with result code 0
2025-11-05 21:53:43,963 [INFO] Connected with result code 0
2025-11-05 21:53:45,995 [INFO] Connected with result code 0
2025-11-05 21:53:47,001 [INFO] MQTT stopped
2025-11-05 21:53:48,108 [INFO] Connected with result code 0
2025-11-05 21:53:50,139 [INFO] Connected with result code 0
2025-11-05 21:53:51,144 [INFO] MQTT stopped
2025-11-05 21:53:52,337 [INFO] Connected with result code 0
2025-11-05 21:53:54,066 [INFO] Connected with result code 0
2025-11-05 21:53:56,102 [INFO] Connected with result code 0
2025-11-05 21:53:58,150 [INFO] Connected with result code 0
2025-11-05 21:54:00,224 [INFO] Connected with result code 0
2025-11-05 21:54:02,281 [INFO] Connected with result code 0
2025-11-05 21:54:04,315 [INFO] Connected with result code 0
2025-11-05 21:54:06,348 [INFO] Connected with result code 0
2025-11-05 21:54:08,378 [INFO] Connected with result code 0
2025-11-05 21:54:10,432 [INFO] Connected with result code 0
2025-11-05 21:54:12,471 [INFO] Connected with result code 0
2025-11-05 21:54:14,532 [INFO] Connected with result code 0
2025-11-05 21:54:16,566 [INFO] Connected with result code 0
2025-11-05 21:54:18,624 [INFO] Connected with result code 0
2025-11-05 21:54:20,652 [INFO] Connected with result code 0
2025-11-05 21:54:22,688 [INFO] Connected with result code 0
2025-11-05 21:54:24,740 [INFO] Connected with result code 0
2025-11-05 21:54:26,796 [INFO] Connected with result code 0
2025-11-05 21:54:28,851 [INFO] Connected with result code 0
2025-11-05 21:54:30,924 [INFO] Connected with result code 0
2025-11-05 21:54:32,978 [INFO] Connected with result code 0
2025-11-05 21:54:35,018 [INFO] Connected with result code 0
2025-11-05 21:54:37,066 [INFO] Connected with result code 0
2025-11-05 21:54:39,115 [INFO] Connected with result code 0
2025-11-05 21:54:41,158 [INFO] Connected with result code 0
2025-11-05 21:54:43,186 [INFO] Connected with result code 0
2025-11-05 21:54:45,216 [INFO] Connected with result code 0
2025-11-05 21:54:47,287 [INFO] Connected with result code 0
2025-11-05 21:54:49,322 [INFO] Connected with result code 0
2025-11-05 21:54:51,352 [INFO] Connected with result code 0
2025-11-05 21:54:53,402 [INFO] Connected with result code 0
2025-11-05 21:54:54,407 [INFO] MQTT stopped
2025-11-05 21:54:56,972 [INFO] Connected with result code 0
2025-11-05 21:54:59,021 [INFO] Connected with result code 0
2025-11-05 21:55:01,062 [INFO] Connected with result code 0
2025-11-05 21:55:03,115 [INFO] Connected with result code 0
2025-11-05 21:55:05,158 [INFO] Connected with result code 0
2025-11-05 21:55:07,188 [INFO] Connected with result code 0
2025-11-05 21:55:09,221 [INFO] Connected with result code 0
2025-11-05 21:55:10,228 [INFO] MQTT stopped
2025-11-05 21:55:11,336 [INFO] Connected with result code 0
2025-11-05 21:55:13,366 [INFO] Connected with result code 0
2025-11-05 21:55:15,389 [INFO] Connected with result code 0
2025-11-05 21:55:17,428 [INFO] Connected with result code 0
2025-11-05 21:55:19,463 [INFO] Connected with result code 0
2025-11-05 21:55:21,519 [INFO] Connected with result code 0
2025-11-05 21:55:23,561 [INFO] Connected with result code 0
2025-11-05 21:55:25,613 [INFO] Connected with result code 0
2025-11-05 21:55:26,620 [INFO] MQTT stopped
2025-11-05 21:55:27,981 [INFO] Connected with result code 0
2025-11-05 21:55:29,507 [INFO] Connected with result code 0
2025-11-05 21:55:31,540 [INFO] Connected with result code 0
2025-11-05 21:55:33,574 [INFO] Connected with result code 0
2025-11-05 21:55:35,611 [INFO] Connected with result code 0
2025-11-05 21:55:37,659 [INFO] Connected with result code 0
2025-11-05 21:55:39,687 [INFO] Connected with result code 0
2025-11-05 21:55:41,748 [INFO] Connected with result code 0
2025-11-05 21:55:43,804 [INFO] Connected with result code 0
2025-11-05 21:55:45,849 [INFO] Connected with result code 0
2025-11-05 21:55:47,907 [INFO] Connected with result code 0
2025-11-05 21:55:49,938 [INFO] Connected with result code 0
2025-11-05 21:55:51,996 [INFO] Connected with result code 0
2025-11-05 21:55:54,047 [INFO] Connected with result code 0
2025-11-05 21:55:56,074 [INFO] Connected with result code 0
2025-11-05 21:55:58,121 [INFO] Connected with result code 0
2025-11-05 21:56:00,167 [INFO] Connected with result code 0
2025-11-05 21:56:02,220 [INFO] Connected with result code 0
2025-11-05 21:56:04,256 [INFO] Connected with result code 0
2025-11-05 21:56:06,288 [INFO] Connected with result code 0
2025-11-05 21:56:08,321 [INFO] Connected with result code 0
2025-11-05 21:56:10,376 [INFO] Connected with result code 0
2025-11-05 21:56:12,428 [INFO] Connected with result code 0
2025-11-05 21:56:14,480 [INFO] Connected with result code 0
2025-11-05 21:56:16,549 [INFO] Connected with result code 0
2025-11-05 21:56:18,598 [INFO] Connected with result code 0
2025-11-05 21:56:20,634 [INFO] Connected with result code 0
2025-11-05 21:56:22,669 [INFO] Connected with result code 0
2025-11-05 21:56:24,704 [INFO] Connected with result code 0
2025-11-05 21:56:26,739 [INFO] Connected with result code 0
2025-11-05 21:56:28,774 [INFO] Connected with result code 0
2025-11-05 21:56:30,809 [INFO] Connected with result code 0
2025-11-05 21:56:32,836 [INFO] Connected with result code 0
2025-11-05 21:56:34,875 [INFO] Connected with result code 0
2025-11-05 21:56:36,898 [INFO] Connected with result code 0
2025-11-05 21:56:38,920 [INFO] Connected with result code 0
2025-11-05 21:56:40,976 [INFO] Connected with result code 0
2025-11-05 21:56:43,011 [INFO] Connected with result code 0
2025-11-05 21:56:45,032 [INFO] Connected with result code 0
2025-11-05 21:56:47,072 [INFO] Connected with result code 0
2025-11-05 21:56:49,109 [INFO] Connected with result code 0
2025-11-05 21:56:51,145 [INFO] Connected with result code 0
2025-11-05 21:56:53,179 [INFO] Connected with result code 0
2025-11-05 21:56:55,198 [INFO] MQTT stopped
2025-11-05 21:56:56,144 [INFO] Connected with result code 0
2025-11-05 21:56:58,192 [INFO] Connected with result code 0
2025-11-05 21:57:00,234 [INFO] Connected with result code 0
2025-11-05 21:57:02,246 [INFO] MQTT stopped
2025-11-05 21:57:03,361 [INFO] Connected with result code 0
2025-11-05 21:57:04,798 [INFO] Connected with result code 0
2025-11-05 21:57:06,837 [INFO] Connected with result code 0
2025-11-05 21:57:08,872 [INFO] Connected with result code 0
2025-11-05 21:57:10,896 [INFO] Connected with result code 0
2025-11-05 21:57:12,926 [INFO] Connected with result code 0
2025-11-05 21:57:14,976 [INFO] Connected with result code 0
2025-11-05 21:57:17,024 [INFO] Connected with result code 0
2025-11-05 21:57:19,070 [INFO] Connected with result code 0
2025-11-05 21:57:21,118 [INFO] Connected with result code 0
2025-11-05 21:57:23,152 [INFO] Connected with result code 0
2025-11-05 21:57:25,185 [INFO] Connected with result code 0
2025-11-05 21:57:27,221 [INFO] Connected with result code 0
2025-11-05 21:57:29,254 [INFO] Connected with result code 0
2025-11-05 21:57:31,275 [INFO] Connected with result code 0
2025-11-05 21:57:32,281 [INFO] MQTT stopped
2025-11-05 21:57:33,543 [INFO] Connected with result code 0
2025-11-05 21:57:35,578 [INFO] Connected with result code 0
2025-11-05 21:57:37,585 [INFO] MQTT stopped
2025-11-05 21:57:38,582 [INFO] Connected with result code 0
2025-11-05 21:57:40,332 [INFO] Connected with result code 0
2025-11-05 21:57:42,384 [INFO] Connected with result code 0
2025-11-05 21:57:44,438 [INFO] Connected with result code 0
2025-11-05 21:57:46,476 [INFO] Connected with result code 0
2025-11-05 21:57:48,508 [INFO] Connected with result code 0
2025-11-05 21:57:50,565 [INFO] Connected with result code 0
2025-11-05 21:57:52,622 [INFO] Connected with result code 0
2025-11-05 21:57:53,627 [INFO] MQTT stopped
2025-11-05 21:57:54,862 [INFO] Connected with result code 0
2025-11-05 21:57:56,898 [INFO] Connected with result code 0
2025-11-05 21:57:58,941 [INFO] Connected with result code 0
2025-11-05 21:58:00,991 [INFO] Connected with result code 0
2025-11-05 21:58:02,998 [INFO] MQTT stopped
2025-11-05 21:58:04,152 [INFO] Connected with result code 0
2025-11-05 21:58:06,210 [INFO] Connected with result code 0
2025-11-05 21:58:08,255 [INFO] Connected with result code 0
2025-11-05 21:58:10,315 [INFO] Connected with result code 0
2025-11-05 21:58:12,374 [INFO] Connected with result code 0
2025-11-05 21:58:14,424 [INFO] Connected with result code 0
2025-11-05 21:58:16,469 [INFO] Connected with result code 0
2025-11-05 21:58:18,511 [INFO] Connected with result code 0
2025-11-05 21:58:20,542 [INFO] Connected with result code 0
2025-11-05 21:58:22,568 [INFO] Connected with result code 0
2025-11-05 21:58:24,600 [INFO] Connected with result code 0
2025-11-05 21:58:26,612 [INFO] MQTT stopped
2025-11-05 21:58:28,080 [INFO] Connected with result code 0
2025-11-05 21:58:29,925 [INFO] Connected with result code 0
2025-11-05 21:58:31,959 [INFO] Connected with result code 0
2025-11-05 21:58:34,012 [INFO] Connected with result code 0
2025-11-05 21:58:36,114 [INFO] Connected with result code 0
2025-11-05 21:58:38,147 [INFO] Connected with result code 0
2025-11-05 21:58:40,199 [INFO] Connected with result code 0
2025-11-05 21:58:42,237 [INFO] Connected with result code 0
2025-11-05 21:58:44,272 [INFO] Connected with result code 0
2025-11-05 21:58:46,308 [INFO] Connected with result code 0
2025-11-05 21:58:48,384 [INFO] Connected with result code 0
2025-11-05 21:58:50,429 [INFO] Connected with result code 0
2025-11-05 21:58:52,478 [INFO] Connected with result code 0
2025-11-05 21:58:54,509 [INFO] Connected with result code 0
2025-11-05 21:58:56,570 [INFO] Connected with result code 0
2025-11-05 21:58:58,624 [INFO] Connected with result code 0
2025-11-05 21:59:00,675 [INFO] Connected with result code 0
2025-11-05 21:59:02,714 [INFO] Connected with result code 0
2025-11-05 21:59:04,745 [INFO] Connected with result code 0
2025-11-05 21:59:06,800 [INFO] Connected with result code 0
2025-11-05 21:59:08,858 [INFO] Connected with result code 0
2025-11-05 21:59:10,919 [INFO] Connected with result code 0
2025-11-05 21:59:12,964 [INFO] Connected with result code 0
2025-11-05 21:59:15,015 [INFO] Connected with result code 0
2025-11-05 21:59:17,042 [INFO] Connected with result code 0
2025-11-05 21:59:19,091 [INFO] Connected with result code 0
2025-11-05 21:59:21,147 [INFO] Connected with result code 0
2025-11-05 21:59:23,201 [INFO] Connected with result code 0
2025-11-05 21:59:25,264 [INFO] Connected with result code 0
2025-11-05 21:59:27,295 [INFO] Connected with result code 0
2025-11-05 21:59:29,350 [INFO] Connected with result code 0
2025-11-05 21:59:31,395 [INFO] Connected with result code 0
2025-11-05 21:59:33,432 [INFO] Connected with result code 0
2025-11-05 21:59:35,464 [INFO] Connected with result code 0
2025-11-05 21:59:37,512 [INFO] Connected with result code 0
2025-11-05 21:59:39,563 [INFO] Connected with result code 0
2025-11-05 21:59:41,621 [INFO] Connected with result code 0
2025-11-05 21:59:43,670 [INFO] Connected with result code 0
2025-11-05 21:59:45,721 [INFO] Connected with result code 0
2025-11-05 21:59:47,752 [INFO] Connected with result code 0
2025-11-05 21:59:49,795 [INFO] Connected with result code 0
2025-11-05 21:59:51,830 [INFO] Connected with result code 0
2025-11-05 21:59:53,875 [INFO] Connected with result code 0
2025-11-05 21:59:55,948 [INFO] Connected with result code 0
2025-11-05 21:59:57,999 [INFO] Connected with result code 0
2025-11-05 22:00:00,050 [INFO] Connected with result code 0
2025-11-05 22:00:02,101 [INFO] Connected with result code 0
2025-11-05 22:00:04,162 [INFO] Connected with result code 0
2025-11-05 22:00:06,220 [INFO] Connected with result code 0
2025-11-05 22:00:08,275 [INFO] Connected with result code 0
2025-11-05 22:00:10,319 [INFO] Connected with result code 0
2025-11-05 22:00:12,371 [INFO] Connected with result code 0
2025-11-05 22:00:14,401 [INFO] Connected with result code 0
2025-11-05 22:00:16,452 [INFO] Connected with result code 0
2025-11-05 22:00:18,492 [INFO] Connected with result code 0
2025-11-05 22:00:20,529 [INFO] Connected with result code 0
2025-11-05 22:00:22,582 [INFO] Connected with result code 0
2025-11-05 22:00:24,624 [INFO] Connected with result code 0
2025-11-05 22:00:26,685 [INFO] Connected with result code 0
2025-11-05 22:00:28,711 [INFO] Connected with result code 0
2025-11-05 22:00:30,760 [INFO] Connected with result code 0
2025-11-05 22:00:32,815 [INFO] Connected with result code 0
2025-11-05 22:00:34,847 [INFO] Connected with result code 0
2025-11-05 22:00:36,880 [INFO] Connected with result code 0
2025-11-05 22:00:38,920 [INFO] Connected with result code 0
2025-11-05 22:00:40,982 [INFO] Connected with result code 0
2025-11-05 22:00:43,014 [INFO] Connected with result code 0
2025-11-05 22:00:45,068 [INFO] Connected with result code 0
2025-11-05 22:00:47,127 [INFO] Connected with result code 0
2025-11-05 22:00:49,183 [INFO] Connected with result code 0
2025-11-05 22:00:51,235 [INFO] Connected with result code 0
2025-11-05 22:00:53,296 [INFO] Connected with result code 0
2025-11-05 22:00:55,362 [INFO] Connected with result code 0
2025-11-05 22:00:57,393 [INFO] Connected with result code 0
2025-11-05 22:00:59,441 [INFO] Connected with result code 0
2025-11-05 22:01:01,494 [INFO] Connected with result code 0
2025-11-05 22:01:03,549 [INFO] Connected with result code 0
2025-11-05 22:01:05,598 [INFO] Connected with result code 0
2025-11-05 22:01:07,629 [INFO] Connected with result code 0
2025-11-05 22:01:09,670 [INFO] Connected with result code 0
2025-11-05 22:01:11,703 [INFO] Connected with result code 0
2025-11-05 22:01:13,740 [INFO] Connected with result code 0
2025-11-05 22:01:15,796 [INFO] Connected with result code 0
2025-11-05 22:01:17,835 [INFO] Connected with result code 0
2025-11-05 22:01:19,885 [INFO] Connected with result code 0
2025-11-05 22:01:21,918 [INFO] Connected with result code 0
2025-11-05 22:01:23,984 [INFO] Connected with result code 0
2025-11-05 22:01:26,178 [INFO] Connected with result code 0
2025-11-05 22:01:28,158 [INFO] Connected with result code 0
2025-11-05 22:01:30,217 [INFO] Connected with result code 0
2025-11-05 22:01:32,248 [INFO] Connected with result code 0
2025-11-05 22:01:34,281 [INFO] Connected with result code 0
2025-11-05 22:01:36,339 [INFO] Connected with result code 0
2025-11-05 22:01:38,389 [INFO] Connected with result code 0
2025-11-05 22:01:40,436 [INFO] Connected with result code 0
2025-11-05 22:01:42,476 [INFO] Connected with result code 0
2025-11-05 22:01:44,535 [INFO] Connected with result code 0
2025-11-05 22:01:46,587 [INFO] Connected with result code 0
2025-11-05 22:01:48,615 [INFO] Connected with result code 0
2025-11-05 22:01:50,672 [INFO] Connected with result code 0
2025-11-05 22:01:52,714 [INFO] Connected with result code 0
2025-11-05 22:01:54,769 [INFO] Connected with result code 0
2025-11-05 22:01:56,820 [INFO] Connected with result code 0
2025-11-05 22:01:58,895 [INFO] Connected with result code 0
2025-11-05 22:02:00,937 [INFO] Connected with result code 0
2025-11-05 22:02:02,991 [INFO] Connected with result code 0
2025-11-05 22:02:05,047 [INFO] Connected with result code 0
2025-11-05 22:02:07,105 [INFO] Connected with result code 0
2025-11-05 22:02:09,161 [INFO] Connected with result code 0
2025-11-05 22:02:11,214 [INFO] Connected with result code 0
2025-11-05 22:02:13,275 [INFO] Connected with result code 0
2025-11-05 22:02:15,332 [INFO] Connected with result code 0
2025-11-05 22:02:17,384 [INFO] Connected with result code 0
2025-11-05 22:02:19,438 [INFO] Connected with result code 0
2025-11-05 22:02:21,466 [INFO] Connected with result code 0
2025-11-05 22:02:23,507 [INFO] Connected with result code 0
2025-11-05 22:02:25,536 [INFO] Connected with result code 0
2025-11-05 22:02:27,581 [INFO] Connected with result code 0
2025-11-05 22:02:29,636 [INFO] Connected with result code 0
2025-11-05 22:02:31,660 [INFO] Connected with result code 0
2025-11-05 22:02:33,722 [INFO] Connected with result code 0
2025-11-05 22:02:35,773 [INFO] Connected with result code 0
2025-11-05 22:02:37,820 [INFO] Connected with result code 0
2025-11-05 22:02:39,871 [INFO] Connected with result code 0
2025-11-05 22:02:41,894 [INFO] Connected with result code 0
2025-11-05 22:02:43,930 [INFO] Connected with result code 0
2025-11-05 22:02:46,006 [INFO] Connected with result code 0
2025-11-05 22:02:48,038 [INFO] Connected with result code 0
2025-11-05 22:02:50,070 [INFO] Connected with result code 0
2025-11-05 22:02:52,130 [INFO] Connected with result code 0
2025-11-05 22:02:54,157 [INFO] Connected with result code 0
2025-11-05 22:02:56,188 [INFO] Connected with result code 0
2025-11-05 22:02:58,241 [INFO] Connected with result code 0
2025-11-05 22:03:00,270 [INFO] Connected with result code 0
2025-11-05 22:03:02,319 [INFO] Connected with result code 0
2025-11-05 22:03:04,358 [INFO] Connected with result code 0
2025-11-05 22:03:06,391 [INFO] Connected with result code 0
2025-11-05 22:03:08,426 [INFO] Connected with result code 0
2025-11-05 22:03:10,481 [INFO] Connected with result code 0
2025-11-05 22:03:12,517 [INFO] Connected with result code 0
2025-11-05 22:03:14,545 [INFO] Connected with result code 0
2025-11-05 22:03:16,592 [INFO] Connected with result code 0
2025-11-05 22:03:18,637 [INFO] Connected with result code 0
2025-11-05 22:03:20,682 [INFO] Connected with result code 0
2025-11-05 22:03:22,714 [INFO] Connected with result code 0
2025-11-05 22:03:24,749 [INFO] Connected with result code 0
2025-11-05 22:03:26,797 [INFO] Connected with result code 0
2025-11-05 22:03:28,855 [INFO] Connected with result code 0
2025-11-05 22:03:30,913 [INFO] Connected with result code 0
2025-11-05 22:03:32,940 [INFO] Connected with result code 0
2025-11-05 22:03:35,002 [INFO] Connected with result code 0
2025-11-05 22:03:37,044 [INFO] Connected with result code 0
2025-11-05 22:03:39,095 [INFO] Connected with result code 0
2025-11-05 22:03:41,114 [INFO] Connected with result code 0
2025-11-05 22:03:43,160 [INFO] Connected with result code 0
2025-11-05 22:03:45,204 [INFO] Connected with result code 0
2025-11-05 22:03:47,233 [INFO] Connected with result code 0
2025-11-05 22:03:49,274 [INFO] Connected with result code 0
2025-11-05 22:03:51,308 [INFO] Connected with result code 0
2025-11-05 22:03:53,357 [INFO] Connected with result code 0
2025-11-05 22:03:55,391 [INFO] Connected with result code 0
2025-11-05 22:03:57,430 [INFO] Connected with result code 0
2025-11-05 22:03:59,445 [INFO] MQTT stopped
